idx,sample_id,y_true,y_pred,true_label,pred_label,confidence,correct
0,TCGA-FR-A3R1-01,0,1,Primary Tumor,Metastasis,0.6653578877449036,False
1,TCGA-EE-A29D-06,1,1,Metastasis,Metastasis,0.6808726787567139,True
2,TCGA-FS-A1ZA-06,1,1,Metastasis,Metastasis,0.6224274635314941,True
3,TCGA-EE-A17X-06,1,1,Metastasis,Metastasis,0.6217043995857239,True
4,TCGA-FR-A8YD-06,1,1,Metastasis,Metastasis,0.6823411583900452,True
5,TCGA-FS-A1ZF-06,1,1,Metastasis,Metastasis,0.6086616516113281,True
6,TCGA-EB-A41A-01,0,1,Primary Tumor,Metastasis,0.712512731552124,False
7,TCGA-D3-A3ML-06,1,1,Metastasis,Metastasis,0.6059732437133789,True
8,TCGA-EE-A2MP-06,1,1,Metastasis,Metastasis,0.6495184898376465,True
9,TCGA-DA-A1I4-06,1,1,Metastasis,Metastasis,0.6171987056732178,True
10,TCGA-ER-A19S-06,1,1,Metastasis,Metastasis,0.7031541466712952,True
11,TCGA-EE-A3AB-06,1,1,Metastasis,Metastasis,0.5694648623466492,True
12,TCGA-D3-A5GR-06,1,1,Metastasis,Metastasis,0.6196668148040771,True
13,TCGA-W3-AA1R-06,1,1,Metastasis,Metastasis,0.6952241659164429,True
14,TCGA-D3-A8GK-06,1,1,Metastasis,Metastasis,0.5637248754501343,True
15,TCGA-EE-A20H-06,1,1,Metastasis,Metastasis,0.5140963792800903,True
16,TCGA-D3-A51G-06,1,1,Metastasis,Metastasis,0.5495339035987854,True
17,TCGA-EE-A29M-06,1,1,Metastasis,Metastasis,0.7151980400085449,True
18,TCGA-BF-A5ER-01,0,1,Primary Tumor,Metastasis,0.524418830871582,False
19,TCGA-D3-A8GD-06,1,1,Metastasis,Metastasis,0.6566250324249268,True
20,TCGA-D3-A5GU-06,1,1,Metastasis,Metastasis,0.6820356845855713,True
21,TCGA-D3-A3C8-06,1,1,Metastasis,Metastasis,0.5552565455436707,True
22,TCGA-FS-A4F2-06,1,1,Metastasis,Metastasis,0.6479628086090088,True
23,TCGA-EE-A29P-06,1,1,Metastasis,Metastasis,0.6535815596580505,True
24,TCGA-EB-A44O-01,0,1,Primary Tumor,Metastasis,0.5493080019950867,False
25,TCGA-FS-A1ZB-06,1,0,Metastasis,Primary Tumor,0.5117781758308411,False
26,TCGA-ER-A19T-01,0,0,Primary Tumor,Primary Tumor,0.5085921287536621,True
27,TCGA-ER-A19T-06,1,1,Metastasis,Metastasis,0.6187375783920288,True
28,TCGA-D3-A3CE-06,1,1,Metastasis,Metastasis,0.6619626879692078,True
29,TCGA-ER-A19M-06,1,1,Metastasis,Metastasis,0.7042966485023499,True
30,TCGA-EE-A3AF-06,1,1,Metastasis,Metastasis,0.640532374382019,True
31,TCGA-EE-A29A-06,1,1,Metastasis,Metastasis,0.5430837273597717,True
32,TCGA-EE-A184-06,1,1,Metastasis,Metastasis,0.7057191729545593,True
33,TCGA-FS-A1YY-06,1,1,Metastasis,Metastasis,0.6183488368988037,True
34,TCGA-EE-A3J4-06,1,1,Metastasis,Metastasis,0.670420229434967,True
35,TCGA-ER-A19A-06,1,1,Metastasis,Metastasis,0.48969823122024536,True
36,TCGA-FS-A4F8-06,1,1,Metastasis,Metastasis,0.6915392279624939,True
37,TCGA-EB-A6QZ-01,0,1,Primary Tumor,Metastasis,0.5904151797294617,False
38,TCGA-D3-A8GQ-06,1,1,Metastasis,Metastasis,0.5472372174263,True
39,TCGA-RP-A694-06,1,1,Metastasis,Metastasis,0.6929739117622375,True
40,TCGA-FS-A1ZC-06,1,0,Metastasis,Primary Tumor,0.5528140068054199,False
41,TCGA-XV-AAZW-01,0,0,Primary Tumor,Primary Tumor,0.6285605430603027,True
42,TCGA-FW-A3TU-06,1,1,Metastasis,Metastasis,0.6183979511260986,True
43,TCGA-XV-AAZY-01,0,1,Primary Tumor,Metastasis,0.6392661929130554,False
44,TCGA-FS-A4FC-06,1,1,Metastasis,Metastasis,0.5258169174194336,True
45,TCGA-BF-AAP1-01,0,1,Primary Tumor,Metastasis,0.5850347876548767,False
46,TCGA-YD-A9TB-06,1,1,Metastasis,Metastasis,0.7017032504081726,True
47,TCGA-EE-A2MU-06,1,1,Metastasis,Metastasis,0.654329776763916,True
48,TCGA-ER-A3EV-06,1,0,Metastasis,Primary Tumor,0.5170391201972961,False
49,TCGA-YD-A89C-06,1,1,Metastasis,Metastasis,0.6404398679733276,True
50,TCGA-EE-A2M5-06,1,0,Metastasis,Primary Tumor,0.5015152096748352,False
51,TCGA-FS-A1Z4-06,1,1,Metastasis,Metastasis,0.6510955691337585,True
52,TCGA-RP-A695-06,1,1,Metastasis,Metastasis,0.6691879630088806,True
53,TCGA-GN-A262-06,1,1,Metastasis,Metastasis,0.5408391356468201,True
54,TCGA-BF-AAP2-01,0,1,Primary Tumor,Metastasis,0.5862762928009033,False
55,TCGA-EE-A2MN-06,1,1,Metastasis,Metastasis,0.6979253888130188,True
56,TCGA-FS-A1ZT-06,1,1,Metastasis,Metastasis,0.6985103487968445,True
57,TCGA-EB-A5SE-01,0,1,Primary Tumor,Metastasis,0.5253510475158691,False
58,TCGA-EB-A5VV-06,1,1,Metastasis,Metastasis,0.5300838351249695,True
59,TCGA-D3-A2J7-06,1,1,Metastasis,Metastasis,0.6447992920875549,True
60,TCGA-DA-A1I5-06,1,1,Metastasis,Metastasis,0.7437647581100464,True
61,TCGA-EB-A5KH-06,1,1,Metastasis,Metastasis,0.6137760281562805,True
62,TCGA-EE-A2GK-06,1,1,Metastasis,Metastasis,0.5965427756309509,True
63,TCGA-FR-A3YO-06,1,1,Metastasis,Metastasis,0.5657126903533936,True
64,TCGA-EB-A431-01,0,1,Primary Tumor,Metastasis,0.6153504848480225,False
65,TCGA-DA-A1IC-06,1,0,Metastasis,Primary Tumor,0.504358172416687,False
66,TCGA-EE-A2GO-06,1,1,Metastasis,Metastasis,0.5764704942703247,True
67,TCGA-W3-AA1W-06,1,1,Metastasis,Metastasis,0.648270845413208,True
68,TCGA-EB-A24C-01,0,0,Primary Tumor,Primary Tumor,0.5234375596046448,True
69,TCGA-EB-A3XB-01,0,1,Primary Tumor,Metastasis,0.6479636430740356,False
70,TCGA-EB-A551-01,0,1,Primary Tumor,Metastasis,0.6484643816947937,False
71,TCGA-FS-A1ZD-06,1,1,Metastasis,Metastasis,0.5386943221092224,True
72,TCGA-D3-A2JF-06,1,1,Metastasis,Metastasis,0.6864174008369446,True
73,TCGA-WE-A8ZX-06,1,1,Metastasis,Metastasis,0.7156758308410645,True
74,TCGA-EE-A2MJ-06,1,1,Metastasis,Metastasis,0.726690948009491,True
75,TCGA-BF-A1PZ-01,0,1,Primary Tumor,Metastasis,0.68193119764328,False
76,TCGA-EB-A44Q-06,1,1,Metastasis,Metastasis,0.6463482975959778,True
77,TCGA-EE-A2MS-06,1,1,Metastasis,Metastasis,0.6802797913551331,True
78,TCGA-D3-A1Q7-06,1,1,Metastasis,Metastasis,0.7150989174842834,True
79,TCGA-GF-A3OT-06,1,0,Metastasis,Primary Tumor,0.5334382057189941,False
80,TCGA-ER-A19G-06,1,1,Metastasis,Metastasis,0.6550732254981995,True
81,TCGA-EB-A3Y6-01,0,1,Primary Tumor,Metastasis,0.6590558886528015,False
82,TCGA-WE-A8ZO-06,1,1,Metastasis,Metastasis,0.6809722185134888,True
83,TCGA-EB-A4OZ-01,0,0,Primary Tumor,Primary Tumor,0.6706734895706177,True
84,TCGA-DA-A95X-06,1,1,Metastasis,Metastasis,0.6709460616111755,True
85,TCGA-D3-A3C7-06,1,1,Metastasis,Metastasis,0.6287311315536499,True
86,TCGA-ER-A19D-06,1,1,Metastasis,Metastasis,0.658615231513977,True
87,TCGA-DA-A1HY-06,1,1,Metastasis,Metastasis,0.5938706398010254,True
88,TCGA-W3-AA21-06,1,1,Metastasis,Metastasis,0.6417407393455505,True
89,TCGA-ER-A19K-01,0,0,Primary Tumor,Primary Tumor,0.508109986782074,True
90,TCGA-EE-A2MI-06,1,1,Metastasis,Metastasis,0.6549373865127563,True
91,TCGA-GN-A267-06,1,1,Metastasis,Metastasis,0.7011134028434753,True
92,TCGA-EB-A85J-01,0,1,Primary Tumor,Metastasis,0.6304203867912292,False
93,TCGA-WE-AAA4-06,1,1,Metastasis,Metastasis,0.6530097723007202,True
94,TCGA-DA-A1IA-06,1,1,Metastasis,Metastasis,0.5714080333709717,True
95,TCGA-ER-A42H-01,0,1,Primary Tumor,Metastasis,0.6020540595054626,False
96,TCGA-BF-AAP0-06,1,1,Metastasis,Metastasis,0.7386580109596252,True
97,TCGA-ER-A3PL-06,1,1,Metastasis,Metastasis,0.6379527449607849,True
98,TCGA-FR-A3YN-06,1,1,Metastasis,Metastasis,0.7354891300201416,True
99,TCGA-3N-A9WB-06,1,1,Metastasis,Metastasis,0.5997006893157959,True
100,TCGA-D3-A51T-06,1,1,Metastasis,Metastasis,0.6416773200035095,True
101,TCGA-FW-A3R5-06,1,1,Metastasis,Metastasis,0.7047802805900574,True
102,TCGA-FS-A1ZJ-06,1,1,Metastasis,Metastasis,0.6791648864746094,True
103,TCGA-BF-AAOX-01,0,0,Primary Tumor,Primary Tumor,0.5160579681396484,True
104,TCGA-FR-A7U9-06,1,1,Metastasis,Metastasis,0.5275326371192932,True
105,TCGA-D3-A1Q3-06,1,1,Metastasis,Metastasis,0.7266476154327393,True
106,TCGA-W3-AA1Q-06,1,1,Metastasis,Metastasis,0.6936944127082825,True
107,TCGA-D9-A1JW-06,1,1,Metastasis,Metastasis,0.662216305732727,True
108,TCGA-GN-A268-06,1,1,Metastasis,Metastasis,0.6185250282287598,True
109,TCGA-GN-A4U7-06,1,1,Metastasis,Metastasis,0.5859906077384949,True
110,TCGA-EE-A3J8-06,1,0,Metastasis,Primary Tumor,0.5902887582778931,False
111,TCGA-GN-A4U4-06,1,1,Metastasis,Metastasis,0.7245519161224365,True
112,TCGA-D3-A2JD-06,1,1,Metastasis,Metastasis,0.6624042391777039,True
113,TCGA-WE-A8JZ-06,1,1,Metastasis,Metastasis,0.6900089383125305,True
114,TCGA-Z2-AA3S-06,1,1,Metastasis,Metastasis,0.7069978713989258,True
115,TCGA-BF-A5EO-01,0,1,Primary Tumor,Metastasis,0.5319318175315857,False
116,TCGA-EE-A29V-06,1,1,Metastasis,Metastasis,0.5572595000267029,True
117,TCGA-FS-A1ZR-06,1,1,Metastasis,Metastasis,0.5770229697227478,True
118,TCGA-D3-A3MR-06,1,1,Metastasis,Metastasis,0.6891231536865234,True
119,TCGA-FS-A4F0-06,1,1,Metastasis,Metastasis,0.5166049599647522,True
120,TCGA-D3-A3MV-06,1,1,Metastasis,Metastasis,0.5889195799827576,True
121,TCGA-XV-AB01-06,1,1,Metastasis,Metastasis,0.5467284321784973,True
122,TCGA-EE-A2A2-06,1,1,Metastasis,Metastasis,0.7235051393508911,True
123,TCGA-ER-A3ET-06,1,1,Metastasis,Metastasis,0.639155387878418,True
124,TCGA-D3-A8GC-06,1,1,Metastasis,Metastasis,0.6518872380256653,True
125,TCGA-FS-A4F5-06,1,1,Metastasis,Metastasis,0.6017053723335266,True
126,TCGA-WE-AAA3-06,1,1,Metastasis,Metastasis,0.711624264717102,True
127,TCGA-D9-A149-06,1,1,Metastasis,Metastasis,0.75031578540802,True
128,TCGA-HR-A5NC-01,0,0,Primary Tumor,Primary Tumor,0.6394971609115601,True
129,TCGA-GN-A4U8-06,1,1,Metastasis,Metastasis,0.738120436668396,True
130,TCGA-XV-A9W5-01,0,0,Primary Tumor,Primary Tumor,0.500143826007843,True
131,TCGA-D9-A4Z3-01,0,1,Primary Tumor,Metastasis,0.5882960557937622,False
132,TCGA-WE-A8K4-01,0,1,Primary Tumor,Metastasis,0.6538336873054504,False
133,TCGA-EE-A2GJ-06,1,1,Metastasis,Metastasis,0.6453388929367065,True
134,TCGA-EE-A29X-06,1,1,Metastasis,Metastasis,0.7089734673500061,True
135,TCGA-EB-A4IS-01,0,1,Primary Tumor,Metastasis,0.6312882900238037,False
136,TCGA-ER-A2ND-06,1,1,Metastasis,Metastasis,0.624101459980011,True
137,TCGA-D3-A1Q9-06,1,1,Metastasis,Metastasis,0.6498814821243286,True
138,TCGA-FS-A4FD-06,1,1,Metastasis,Metastasis,0.6697479486465454,True
139,TCGA-D3-A3C6-06,1,1,Metastasis,Metastasis,0.5887762904167175,True
140,TCGA-EB-A5SG-06,1,1,Metastasis,Metastasis,0.6224249601364136,True
141,TCGA-BF-A9VF-01,0,0,Primary Tumor,Primary Tumor,0.5517575144767761,True
142,TCGA-EE-A3J5-06,1,1,Metastasis,Metastasis,0.7373758554458618,True
143,TCGA-GN-A4U9-06,1,1,Metastasis,Metastasis,0.5167950391769409,True
144,TCGA-D9-A3Z3-06,1,1,Metastasis,Metastasis,0.6384780406951904,True
145,TCGA-DA-A1HV-06,1,1,Metastasis,Metastasis,0.6450610756874084,True
146,TCGA-EE-A3AA-06,1,1,Metastasis,Metastasis,0.6691949367523193,True
147,TCGA-EB-A3XD-01,0,0,Primary Tumor,Primary Tumor,0.5734185576438904,True
148,TCGA-FW-A5DY-06,1,1,Metastasis,Metastasis,0.6869134902954102,True
149,TCGA-EE-A29H-06,1,1,Metastasis,Metastasis,0.6796531677246094,True
150,TCGA-ER-A2NE-06,1,1,Metastasis,Metastasis,0.6268407106399536,True
151,TCGA-BF-A5EQ-01,0,1,Primary Tumor,Metastasis,0.7388266324996948,False
152,TCGA-EB-A41B-01,0,1,Primary Tumor,Metastasis,0.6782326698303223,False
153,TCGA-EB-A6L9-06,1,1,Metastasis,Metastasis,0.6795267462730408,True
154,TCGA-D3-A2JN-06,1,1,Metastasis,Metastasis,0.576002299785614,True
155,TCGA-W3-A828-06,1,1,Metastasis,Metastasis,0.5487974882125854,True
156,TCGA-EE-A29S-06,1,1,Metastasis,Metastasis,0.687764585018158,True
157,TCGA-XV-A9VZ-01,0,0,Primary Tumor,Primary Tumor,0.5783205032348633,True
158,TCGA-YG-AA3O-06,1,1,Metastasis,Metastasis,0.7562055587768555,True
159,TCGA-DA-A3F2-06,1,0,Metastasis,Primary Tumor,0.5206714868545532,False
160,TCGA-EB-A3XC-01,0,0,Primary Tumor,Primary Tumor,0.5620748400688171,True
161,TCGA-LH-A9QB-06,1,1,Metastasis,Metastasis,0.5548696517944336,True
162,TCGA-D3-A2JC-06,1,1,Metastasis,Metastasis,0.7073910236358643,True
163,TCGA-WE-AA9Y-06,1,1,Metastasis,Metastasis,0.6989731788635254,True
164,TCGA-WE-A8ZR-06,1,1,Metastasis,Metastasis,0.692923367023468,True
165,TCGA-EB-A44N-01,0,2,Primary Tumor,Benign Nevus,0.6466389894485474,False
166,TCGA-EB-A24D-01,0,1,Primary Tumor,Metastasis,0.6268523931503296,False
167,TCGA-D3-A3MO-06,1,0,Metastasis,Primary Tumor,0.5002366304397583,False
168,TCGA-DA-A1I1-06,1,1,Metastasis,Metastasis,0.736328661441803,True
169,TCGA-BF-AAOU-01,0,1,Primary Tumor,Metastasis,0.6247604489326477,False
170,TCGA-EE-A2GM-06,1,1,Metastasis,Metastasis,0.6971455216407776,True
171,TCGA-D3-A8GM-06,1,1,Metastasis,Metastasis,0.6870150566101074,True
172,TCGA-DA-A95Z-06,1,1,Metastasis,Metastasis,0.534107506275177,True
173,TCGA-ER-A2NC-06,1,1,Metastasis,Metastasis,0.6504903435707092,True
174,TCGA-ER-A19B-06,1,1,Metastasis,Metastasis,0.6320409774780273,True
175,TCGA-EE-A2A0-06,1,1,Metastasis,Metastasis,0.6213776469230652,True
176,TCGA-EE-A20B-06,1,1,Metastasis,Metastasis,0.6557350754737854,True
177,TCGA-EB-A5UL-06,1,1,Metastasis,Metastasis,0.7437638640403748,True
178,TCGA-ER-A196-01,0,0,Primary Tumor,Primary Tumor,0.6643607020378113,True
179,TCGA-FS-A1ZK-06,1,1,Metastasis,Metastasis,0.54959636926651,True
180,TCGA-EE-A2MT-06,1,1,Metastasis,Metastasis,0.6640599370002747,True
181,TCGA-OD-A75X-06,1,1,Metastasis,Metastasis,0.677833080291748,True
182,TCGA-EE-A17Z-06,1,1,Metastasis,Metastasis,0.5756458044052124,True
183,TCGA-FR-A8YC-06,1,1,Metastasis,Metastasis,0.6576701402664185,True
184,TCGA-GN-A265-06,1,1,Metastasis,Metastasis,0.6487802267074585,True
185,TCGA-ER-A19Q-06,1,1,Metastasis,Metastasis,0.7027975916862488,True
186,TCGA-BF-A3DN-01,0,1,Primary Tumor,Metastasis,0.6509549617767334,False
187,TCGA-DA-A1HW-06,1,1,Metastasis,Metastasis,0.7268670201301575,True
188,TCGA-ER-A1A1-06,1,1,Metastasis,Metastasis,0.538428008556366,True
189,TCGA-DA-A1I8-06,1,0,Metastasis,Primary Tumor,0.5224927663803101,False
190,TCGA-BF-AAP6-01,0,1,Primary Tumor,Metastasis,0.5758864879608154,False
191,TCGA-EE-A3JI-06,1,1,Metastasis,Metastasis,0.6774036288261414,True
192,TCGA-XV-A9W2-01,0,0,Primary Tumor,Primary Tumor,0.615159809589386,True
193,TCGA-D3-A51F-06,1,1,Metastasis,Metastasis,0.7012783288955688,True
194,TCGA-IH-A3EA-01,0,0,Primary Tumor,Primary Tumor,0.5336651802062988,True
195,TCGA-D3-A8GE-06,1,1,Metastasis,Metastasis,0.6127909421920776,True
196,TCGA-D3-A51J-06,1,1,Metastasis,Metastasis,0.7101002931594849,True
197,TCGA-FR-A728-01,0,1,Primary Tumor,Metastasis,0.7328061461448669,False
198,TCGA-FW-A5DX-01,0,1,Primary Tumor,Metastasis,0.570547878742218,False
199,TCGA-FR-A8YE-06,1,2,Metastasis,Benign Nevus,0.5734992623329163,False
200,TCGA-D9-A3Z1-06,1,1,Metastasis,Metastasis,0.6439734697341919,True
201,TCGA-EE-A182-06,1,1,Metastasis,Metastasis,0.5024451017379761,True
202,TCGA-BF-AAP8-01,0,1,Primary Tumor,Metastasis,0.5610383152961731,False
203,TCGA-WE-A8K5-06,1,1,Metastasis,Metastasis,0.6926826238632202,True
204,TCGA-EB-A430-01,0,1,Primary Tumor,Metastasis,0.7235636711120605,False
205,TCGA-EE-A3AG-06,1,1,Metastasis,Metastasis,0.5592296123504639,True
206,TCGA-D3-A2JP-06,1,1,Metastasis,Metastasis,0.7119844555854797,True
207,TCGA-ER-A199-06,1,1,Metastasis,Metastasis,0.6951102614402771,True
208,TCGA-FS-A1YW-06,1,1,Metastasis,Metastasis,0.7245517373085022,True
209,TCGA-D3-A2JE-06,1,1,Metastasis,Metastasis,0.6338760256767273,True
210,TCGA-D9-A6EA-06,1,1,Metastasis,Metastasis,0.6172488331794739,True
211,TCGA-ER-A19W-06,1,1,Metastasis,Metastasis,0.6844382882118225,True
212,TCGA-D3-A8GS-06,1,1,Metastasis,Metastasis,0.6172646284103394,True
213,TCGA-EE-A3J3-06,1,1,Metastasis,Metastasis,0.7630101442337036,True
214,TCGA-FS-A1ZW-06,1,1,Metastasis,Metastasis,0.596200168132782,True
215,TCGA-D3-A1Q4-06,1,1,Metastasis,Metastasis,0.7017820477485657,True
216,TCGA-EE-A2M8-06,1,1,Metastasis,Metastasis,0.6720973253250122,True
217,TCGA-EE-A2M7-06,1,1,Metastasis,Metastasis,0.6084150671958923,True
218,TCGA-ER-A198-06,1,1,Metastasis,Metastasis,0.6943341493606567,True
219,TCGA-EE-A3JD-06,1,1,Metastasis,Metastasis,0.5349839329719543,True
220,TCGA-BF-AAP4-01,0,1,Primary Tumor,Metastasis,0.6874129772186279,False
221,TCGA-GN-A263-01,0,1,Primary Tumor,Metastasis,0.5651959776878357,False
222,TCGA-EE-A181-06,1,1,Metastasis,Metastasis,0.707339346408844,True
223,TCGA-DA-A3F3-06,1,1,Metastasis,Metastasis,0.6567220091819763,True
224,TCGA-EB-A1NK-01,0,0,Primary Tumor,Primary Tumor,0.5028637647628784,True
225,TCGA-ER-A19P-06,1,1,Metastasis,Metastasis,0.5290390849113464,True
226,TCGA-EE-A29G-06,1,2,Metastasis,Benign Nevus,0.4391869604587555,False
227,TCGA-BF-AAP7-01,0,1,Primary Tumor,Metastasis,0.5857556462287903,False
228,TCGA-DA-A1I0-06,1,1,Metastasis,Metastasis,0.6277596354484558,True
229,TCGA-FS-A1ZN-01,0,0,Primary Tumor,Primary Tumor,0.47132354974746704,True
230,TCGA-GN-A9SD-06,1,1,Metastasis,Metastasis,0.7375628352165222,True
231,TCGA-EE-A29T-06,1,1,Metastasis,Metastasis,0.6256829500198364,True
232,TCGA-D9-A6E9-06,1,1,Metastasis,Metastasis,0.6295526027679443,True
233,TCGA-EB-A51B-01,0,0,Primary Tumor,Primary Tumor,0.5110898017883301,True
234,TCGA-BF-A1Q0-01,0,1,Primary Tumor,Metastasis,0.7397128939628601,False
235,TCGA-EE-A2GH-06,1,1,Metastasis,Metastasis,0.6735550165176392,True
236,TCGA-D3-A1Q6-06,1,0,Metastasis,Primary Tumor,0.48555704951286316,False
237,TCGA-D3-A3CF-06,1,1,Metastasis,Metastasis,0.7221907377243042,True
238,TCGA-EE-A3JA-06,1,0,Metastasis,Primary Tumor,0.5056228637695312,False
239,TCGA-GN-A4U5-01,0,0,Primary Tumor,Primary Tumor,0.4657190442085266,True
240,TCGA-WE-A8ZN-06,1,1,Metastasis,Metastasis,0.637234628200531,True
241,TCGA-W3-AA1V-06,1,0,Metastasis,Primary Tumor,0.5015930533409119,False
242,TCGA-EB-A550-01,0,0,Primary Tumor,Primary Tumor,0.5367975234985352,True
243,TCGA-D3-A1QB-06,1,1,Metastasis,Metastasis,0.5952787399291992,True
244,TCGA-FS-A1Z0-06,1,1,Metastasis,Metastasis,0.7212145924568176,True
245,TCGA-D3-A2JG-06,1,1,Metastasis,Metastasis,0.6805623769760132,True
246,TCGA-GN-A26A-06,1,1,Metastasis,Metastasis,0.5165998339653015,True
247,TCGA-GN-A8LK-06,1,1,Metastasis,Metastasis,0.5397514700889587,True
248,TCGA-FR-A44A-06,1,1,Metastasis,Metastasis,0.75363689661026,True
249,TCGA-FS-A4F9-06,1,1,Metastasis,Metastasis,0.6018342971801758,True
250,TCGA-D3-A3BZ-06,1,1,Metastasis,Metastasis,0.6532679200172424,True
251,TCGA-D3-A5GL-06,1,1,Metastasis,Metastasis,0.5370442271232605,True
252,TCGA-D3-A8GO-06,1,1,Metastasis,Metastasis,0.7095568776130676,True
253,TCGA-BF-A1PX-01,0,1,Primary Tumor,Metastasis,0.49222704768180847,False
254,TCGA-EE-A2GT-06,1,1,Metastasis,Metastasis,0.6018527746200562,True
255,TCGA-EE-A2GE-06,1,1,Metastasis,Metastasis,0.6710872650146484,True
256,TCGA-GF-A4EO-06,1,1,Metastasis,Metastasis,0.632838785648346,True
257,TCGA-FW-A3TV-06,1,1,Metastasis,Metastasis,0.7539919018745422,True
258,TCGA-ER-A42K-06,1,1,Metastasis,Metastasis,0.6089264154434204,True
259,TCGA-DA-A960-01,0,0,Primary Tumor,Primary Tumor,0.5552677512168884,True
260,TCGA-EE-A2GP-06,1,1,Metastasis,Metastasis,0.6837350130081177,True
261,TCGA-FS-A1ZE-06,1,1,Metastasis,Metastasis,0.5630778074264526,True
262,TCGA-D9-A6EC-06,1,1,Metastasis,Metastasis,0.5636724829673767,True
263,TCGA-EB-A97M-01,0,1,Primary Tumor,Metastasis,0.6548755168914795,False
264,TCGA-D9-A6EG-06,1,1,Metastasis,Metastasis,0.5402867197990417,True
265,TCGA-EE-A185-06,1,1,Metastasis,Metastasis,0.5242945551872253,True
266,TCGA-DA-A1I7-06,1,1,Metastasis,Metastasis,0.5663367509841919,True
267,TCGA-EB-A5VU-01,0,0,Primary Tumor,Primary Tumor,0.5476036667823792,True
268,TCGA-GF-A6C9-06,1,1,Metastasis,Metastasis,0.6246669888496399,True
269,TCGA-EE-A3AH-06,1,1,Metastasis,Metastasis,0.5881794691085815,True
270,TCGA-EB-A5SH-06,1,1,Metastasis,Metastasis,0.6061690449714661,True
271,TCGA-D3-A3C1-06,1,1,Metastasis,Metastasis,0.5655251145362854,True
272,TCGA-D9-A3Z4-01,0,1,Primary Tumor,Metastasis,0.7107329964637756,False
273,TCGA-EE-A2A6-06,1,1,Metastasis,Metastasis,0.7636888027191162,True
274,TCGA-FS-A1ZH-06,1,1,Metastasis,Metastasis,0.5855229496955872,True
275,TCGA-D3-A5GN-06,1,1,Metastasis,Metastasis,0.651437520980835,True
276,TCGA-FS-A1ZP-06,1,1,Metastasis,Metastasis,0.6851637959480286,True
277,TCGA-EB-A44P-01,0,1,Primary Tumor,Metastasis,0.6393780708312988,False
278,TCGA-ER-A2NH-06,1,1,Metastasis,Metastasis,0.6497316956520081,True
279,TCGA-W3-A825-06,1,1,Metastasis,Metastasis,0.5547469854354858,True
280,TCGA-ER-A2NG-06,1,1,Metastasis,Metastasis,0.6585676670074463,True
281,TCGA-EB-A42Z-01,0,1,Primary Tumor,Metastasis,0.6724570393562317,False
282,TCGA-D3-A8GB-06,1,1,Metastasis,Metastasis,0.7558755874633789,True
283,TCGA-EE-A2MK-06,1,1,Metastasis,Metastasis,0.6684528589248657,True
284,TCGA-D3-A2JK-06,1,0,Metastasis,Primary Tumor,0.5443685054779053,False
285,TCGA-D3-A8GI-06,1,1,Metastasis,Metastasis,0.5263047218322754,True
286,TCGA-EB-A42Y-01,0,1,Primary Tumor,Metastasis,0.6328733563423157,False
287,TCGA-D3-A2JA-06,1,1,Metastasis,Metastasis,0.6458488702774048,True
288,TCGA-WE-A8ZQ-06,1,0,Metastasis,Primary Tumor,0.5419495701789856,False
289,TCGA-DA-A1I2-06,1,1,Metastasis,Metastasis,0.7554754018783569,True
290,TCGA-GF-A2C7-01,0,0,Primary Tumor,Primary Tumor,0.5306993722915649,True
291,TCGA-EE-A2ML-06,1,1,Metastasis,Metastasis,0.6806750297546387,True
292,TCGA-EE-A29R-06,1,1,Metastasis,Metastasis,0.6129997968673706,True
293,TCGA-EB-A4OY-01,0,1,Primary Tumor,Metastasis,0.5937138795852661,False
294,TCGA-EE-A20C-06,1,1,Metastasis,Metastasis,0.511646568775177,True
295,TCGA-EE-A2MG-06,1,1,Metastasis,Metastasis,0.6660364270210266,True
296,TCGA-YG-AA3N-01,0,0,Primary Tumor,Primary Tumor,0.5413018465042114,True
297,TCGA-EB-A5SF-01,0,0,Primary Tumor,Primary Tumor,0.7001030445098877,True
298,TCGA-EB-A82C-01,0,1,Primary Tumor,Metastasis,0.5583515167236328,False
299,TCGA-D3-A51N-06,1,1,Metastasis,Metastasis,0.6292043328285217,True
300,TCGA-EE-A17Y-06,1,1,Metastasis,Metastasis,0.6049090027809143,True
301,TCGA-EE-A29B-06,1,1,Metastasis,Metastasis,0.555013120174408,True
302,TCGA-D3-A8GJ-06,1,1,Metastasis,Metastasis,0.7537208795547485,True
303,TCGA-EB-A82B-01,0,1,Primary Tumor,Metastasis,0.6332312226295471,False
304,TCGA-FR-A7UA-06,1,1,Metastasis,Metastasis,0.5227670073509216,True
305,TCGA-D3-A51R-06,1,0,Metastasis,Primary Tumor,0.5896521806716919,False
306,TCGA-RP-A6K9-06,1,1,Metastasis,Metastasis,0.7011590600013733,True
307,TCGA-EE-A3AD-06,1,1,Metastasis,Metastasis,0.5904456973075867,True
308,TCGA-EE-A2GL-06,1,1,Metastasis,Metastasis,0.7452505230903625,True
309,TCGA-EE-A29N-06,1,1,Metastasis,Metastasis,0.6984593272209167,True
310,TCGA-GF-A769-01,0,1,Primary Tumor,Metastasis,0.6181237697601318,False
311,TCGA-D3-A2JB-06,1,1,Metastasis,Metastasis,0.6433592438697815,True
312,TCGA-HR-A2OG-06,1,1,Metastasis,Metastasis,0.6832388043403625,True
313,TCGA-DA-A1IB-06,1,1,Metastasis,Metastasis,0.4153710603713989,True
314,TCGA-D3-A51E-06,1,1,Metastasis,Metastasis,0.6601112484931946,True
315,TCGA-D3-A5GT-01,0,1,Primary Tumor,Metastasis,0.5219663381576538,False
316,TCGA-HR-A2OH-06,1,1,Metastasis,Metastasis,0.682124137878418,True
317,TCGA-ER-A19N-06,1,1,Metastasis,Metastasis,0.6552249789237976,True
318,TCGA-BF-A5EP-01,0,1,Primary Tumor,Metastasis,0.6132442355155945,False
319,TCGA-D3-A2JO-06,1,1,Metastasis,Metastasis,0.6490724682807922,True
320,TCGA-EE-A29W-06,1,1,Metastasis,Metastasis,0.5292203426361084,True
321,TCGA-EB-A5UN-06,1,1,Metastasis,Metastasis,0.5766816139221191,True
322,TCGA-EE-A2GC-06,1,1,Metastasis,Metastasis,0.5611879825592041,True
323,TCGA-D3-A5GS-06,1,1,Metastasis,Metastasis,0.6743265390396118,True
324,TCGA-D3-A8GV-06,1,1,Metastasis,Metastasis,0.6035324335098267,True
325,TCGA-ER-A2NF-06,1,1,Metastasis,Metastasis,0.6000970005989075,True
326,TCGA-ER-A2NF-01,0,1,Primary Tumor,Metastasis,0.5961403250694275,False
327,TCGA-FR-A2OS-01,0,1,Primary Tumor,Metastasis,0.623658299446106,False
328,TCGA-EE-A29E-06,1,1,Metastasis,Metastasis,0.5239231586456299,True
329,TCGA-BF-A3DM-01,0,0,Primary Tumor,Primary Tumor,0.5198933482170105,True
330,TCGA-ER-A193-06,1,1,Metastasis,Metastasis,0.7183888554573059,True
331,TCGA-ER-A19O-06,1,1,Metastasis,Metastasis,0.5677517652511597,True
332,TCGA-D9-A4Z5-01,0,1,Primary Tumor,Metastasis,0.5354359149932861,False
333,TCGA-EB-A5UM-01,0,1,Primary Tumor,Metastasis,0.7043932676315308,False
334,TCGA-EE-A2A1-06,1,1,Metastasis,Metastasis,0.7482462525367737,True
335,TCGA-ER-A197-06,1,1,Metastasis,Metastasis,0.6271940469741821,True
336,TCGA-BF-A1PV-01,0,1,Primary Tumor,Metastasis,0.6762198209762573,False
337,TCGA-D9-A1X3-06,1,1,Metastasis,Metastasis,0.6129271388053894,True
338,TCGA-BF-A1PU-01,0,1,Primary Tumor,Metastasis,0.5613170862197876,False
339,TCGA-EE-A29C-06,1,1,Metastasis,Metastasis,0.617497444152832,True
340,TCGA-EE-A3J7-06,1,1,Metastasis,Metastasis,0.6928101181983948,True
341,TCGA-RP-A690-06,1,1,Metastasis,Metastasis,0.5437984466552734,True
342,TCGA-D3-A3CB-06,1,1,Metastasis,Metastasis,0.6154311299324036,True
343,TCGA-ER-A3ES-06,1,0,Metastasis,Primary Tumor,0.5462480783462524,False
344,TCGA-GN-A264-06,1,1,Metastasis,Metastasis,0.6267553567886353,True
345,TCGA-D3-A1Q8-06,1,1,Metastasis,Metastasis,0.6641923189163208,True
346,TCGA-3N-A9WC-06,1,1,Metastasis,Metastasis,0.7078150510787964,True
347,TCGA-FS-A1YX-06,1,1,Metastasis,Metastasis,0.6450628042221069,True
348,TCGA-EE-A2GU-06,1,1,Metastasis,Metastasis,0.6785597205162048,True
349,TCGA-WE-A8ZT-06,1,1,Metastasis,Metastasis,0.667870283126831,True
350,TCGA-W3-AA1O-06,1,1,Metastasis,Metastasis,0.6059939861297607,True
351,TCGA-GN-A8LL-06,1,1,Metastasis,Metastasis,0.5302977561950684,True
352,TCGA-D3-A8GL-06,1,0,Metastasis,Primary Tumor,0.5137723088264465,False
353,TCGA-EB-A553-01,0,1,Primary Tumor,Metastasis,0.5349332094192505,False
354,TCGA-FR-A69P-06,1,1,Metastasis,Metastasis,0.5969893336296082,True
355,TCGA-GN-A8LN-01,0,1,Primary Tumor,Metastasis,0.6546753644943237,False
356,TCGA-EE-A180-06,1,1,Metastasis,Metastasis,0.626313328742981,True
357,TCGA-EB-A57M-01,0,0,Primary Tumor,Primary Tumor,0.5450277924537659,True
358,TCGA-DA-A3F5-06,1,1,Metastasis,Metastasis,0.5893328785896301,True
359,TCGA-EE-A3AE-06,1,1,Metastasis,Metastasis,0.7741022706031799,True
360,TCGA-EB-A5FP-01,0,0,Primary Tumor,Primary Tumor,0.5599178075790405,True
361,TCGA-EE-A183-06,1,1,Metastasis,Metastasis,0.7379110455513,True
362,TCGA-DA-A3F8-06,1,1,Metastasis,Metastasis,0.7171491980552673,True
363,TCGA-D3-A2J6-06,1,1,Metastasis,Metastasis,0.5908221006393433,True
364,TCGA-ER-A42L-06,1,1,Metastasis,Metastasis,0.7076562643051147,True
365,TCGA-WE-A8ZM-06,1,0,Metastasis,Primary Tumor,0.5155236124992371,False
366,TCGA-EE-A20F-06,1,1,Metastasis,Metastasis,0.6639048457145691,True
367,TCGA-FW-A3I3-06,1,1,Metastasis,Metastasis,0.4766717255115509,True
368,TCGA-YD-A9TA-06,1,2,Metastasis,Benign Nevus,0.41319307684898376,False
369,TCGA-EB-A6QY-01,0,0,Primary Tumor,Primary Tumor,0.48821455240249634,True
370,TCGA-WE-A8ZY-06,1,1,Metastasis,Metastasis,0.6888450384140015,True
371,TCGA-D3-A1Q1-06,1,1,Metastasis,Metastasis,0.5466410517692566,True
372,TCGA-D3-A8GR-06,1,1,Metastasis,Metastasis,0.5269080996513367,True
373,TCGA-EE-A20I-06,1,1,Metastasis,Metastasis,0.66782146692276,True
374,TCGA-DA-A95V-06,1,1,Metastasis,Metastasis,0.5904006958007812,True
375,TCGA-EE-A3JB-06,1,1,Metastasis,Metastasis,0.6671066284179688,True
376,TCGA-ER-A19F-06,1,1,Metastasis,Metastasis,0.6495170593261719,True
377,TCGA-EB-A4XL-01,0,2,Primary Tumor,Benign Nevus,0.40113818645477295,False
378,TCGA-FS-A1ZM-06,1,1,Metastasis,Metastasis,0.6317911148071289,True
379,TCGA-EE-A2MR-06,1,1,Metastasis,Metastasis,0.6530959606170654,True
380,TCGA-D3-A1Q5-06,1,0,Metastasis,Primary Tumor,0.5448961853981018,False
381,TCGA-EE-A3JE-06,1,1,Metastasis,Metastasis,0.5727216601371765,True
382,TCGA-FS-A1ZY-06,1,1,Metastasis,Metastasis,0.5797532200813293,True
383,TCGA-EB-A4IQ-01,0,0,Primary Tumor,Primary Tumor,0.6573061347007751,True
384,TCGA-QB-A6FS-06,1,1,Metastasis,Metastasis,0.6216540932655334,True
385,TCGA-FR-A729-06,1,1,Metastasis,Metastasis,0.6087775826454163,True
386,TCGA-ER-A19J-06,1,1,Metastasis,Metastasis,0.6535425186157227,True
387,TCGA-FS-A1Z7-06,1,1,Metastasis,Metastasis,0.70075923204422,True
388,TCGA-GN-A266-06,1,1,Metastasis,Metastasis,0.6752004027366638,True
389,TCGA-RP-A693-06,1,1,Metastasis,Metastasis,0.6698291897773743,True
390,TCGA-EE-A3JH-06,1,1,Metastasis,Metastasis,0.6209394931793213,True
391,TCGA-D3-A1QA-06,1,1,Metastasis,Metastasis,0.6764460802078247,True
392,TCGA-D3-A1QA-07,1,1,Metastasis,Metastasis,0.6790575981140137,True
393,TCGA-DA-A95Y-06,1,1,Metastasis,Metastasis,0.6469256281852722,True
394,TCGA-EE-A2MD-06,1,1,Metastasis,Metastasis,0.6631606221199036,True
395,TCGA-EB-A3Y7-01,0,1,Primary Tumor,Metastasis,0.5339843034744263,False
396,TCGA-FR-A726-01,0,0,Primary Tumor,Primary Tumor,0.40805909037590027,True
397,TCGA-EE-A2MQ-06,1,1,Metastasis,Metastasis,0.6851453185081482,True
398,TCGA-D3-A2J8-06,1,1,Metastasis,Metastasis,0.6694871783256531,True
399,TCGA-BF-A3DJ-01,0,1,Primary Tumor,Metastasis,0.49440252780914307,False
400,TCGA-D9-A148-06,1,1,Metastasis,Metastasis,0.7172598838806152,True
401,TCGA-EB-A6R0-01,0,1,Primary Tumor,Metastasis,0.45936858654022217,False
402,TCGA-D3-A51K-06,1,1,Metastasis,Metastasis,0.5524852871894836,True
403,TCGA-FR-A7U8-06,1,1,Metastasis,Metastasis,0.5852565169334412,True
404,TCGA-Z2-A8RT-06,1,1,Metastasis,Metastasis,0.6955496072769165,True
405,TCGA-EB-A44R-06,1,1,Metastasis,Metastasis,0.5774266123771667,True
406,TCGA-FS-A1ZG-06,1,1,Metastasis,Metastasis,0.5954040884971619,True
407,TCGA-YG-AA3P-06,1,1,Metastasis,Metastasis,0.5670239329338074,True
408,TCGA-FS-A1ZS-06,1,1,Metastasis,Metastasis,0.5118288993835449,True
409,TCGA-EB-A4P0-01,0,1,Primary Tumor,Metastasis,0.5982216000556946,False
410,TCGA-EE-A2GB-06,1,1,Metastasis,Metastasis,0.5850330591201782,True
411,TCGA-D3-A3CC-06,1,1,Metastasis,Metastasis,0.6076970100402832,True
412,TCGA-BF-A3DL-01,0,1,Primary Tumor,Metastasis,0.5788218975067139,False
413,TCGA-FS-A1Z3-06,1,1,Metastasis,Metastasis,0.5861374139785767,True
414,TCGA-D9-A1JX-06,1,1,Metastasis,Metastasis,0.7180909514427185,True
415,TCGA-ER-A195-06,1,1,Metastasis,Metastasis,0.6634887456893921,True
416,TCGA-D3-A2JL-06,1,1,Metastasis,Metastasis,0.6500981450080872,True
417,TCGA-EE-A2MH-06,1,1,Metastasis,Metastasis,0.7161295413970947,True
418,TCGA-D3-A8GN-06,1,1,Metastasis,Metastasis,0.6641614437103271,True
419,TCGA-EE-A2M6-06,1,1,Metastasis,Metastasis,0.6527724862098694,True
420,TCGA-D3-A8GP-06,1,1,Metastasis,Metastasis,0.6236515045166016,True
421,TCGA-ER-A19C-06,1,1,Metastasis,Metastasis,0.6337347030639648,True
422,TCGA-EE-A2GS-06,1,1,Metastasis,Metastasis,0.6542189717292786,True
423,TCGA-WE-A8K1-06,1,1,Metastasis,Metastasis,0.732065737247467,True
424,TCGA-EE-A2GD-06,1,1,Metastasis,Metastasis,0.6628562808036804,True
425,TCGA-ER-A19H-06,1,1,Metastasis,Metastasis,0.6803407669067383,True
426,TCGA-EE-A2MC-06,1,1,Metastasis,Metastasis,0.4959060549736023,True
427,TCGA-ER-A19L-06,1,1,Metastasis,Metastasis,0.5844214558601379,True
428,TCGA-WE-A8K6-06,1,1,Metastasis,Metastasis,0.5860118269920349,True
429,TCGA-EE-A2A5-06,1,1,Metastasis,Metastasis,0.6742784380912781,True
430,TCGA-EE-A2ME-06,1,1,Metastasis,Metastasis,0.6103000640869141,True
431,TCGA-GN-A26D-06,1,1,Metastasis,Metastasis,0.7005788087844849,True
432,TCGA-D3-A2J9-06,1,1,Metastasis,Metastasis,0.6739593148231506,True
433,TCGA-FS-A4FB-06,1,1,Metastasis,Metastasis,0.5839327573776245,True
434,TCGA-EE-A29Q-06,1,1,Metastasis,Metastasis,0.7252911925315857,True
435,TCGA-D3-A3C3-06,1,1,Metastasis,Metastasis,0.6347906589508057,True
436,TCGA-Z2-AA3V-06,1,1,Metastasis,Metastasis,0.5984625816345215,True
437,TCGA-EB-A3HV-01,0,0,Primary Tumor,Primary Tumor,0.5922123789787292,True
438,TCGA-FS-A1ZZ-06,1,1,Metastasis,Metastasis,0.6045965552330017,True
439,TCGA-GF-A6C8-06,1,1,Metastasis,Metastasis,0.7271975874900818,True
440,TCGA-EB-A299-01,0,2,Primary Tumor,Benign Nevus,0.5045775175094604,False
441,TCGA-EE-A3AC-06,1,1,Metastasis,Metastasis,0.720482349395752,True
442,TCGA-D3-A5GO-06,1,1,Metastasis,Metastasis,0.6176573634147644,True
443,TCGA-FS-A1ZQ-06,1,1,Metastasis,Metastasis,0.6657543182373047,True
444,TCGA-GN-A26C-01,0,1,Primary Tumor,Metastasis,0.62823086977005,False
445,TCGA-XV-AAZV-01,0,0,Primary Tumor,Primary Tumor,0.5816460847854614,True
446,TCGA-FS-A1ZU-06,1,1,Metastasis,Metastasis,0.5379505157470703,True
447,TCGA-WE-AAA0-06,1,1,Metastasis,Metastasis,0.7295857667922974,True
448,TCGA-GN-A4U3-06,1,1,Metastasis,Metastasis,0.641620934009552,True
449,TCGA-BF-A5ES-01,0,1,Primary Tumor,Metastasis,0.6150840520858765,False
450,TCGA-EB-A3XF-01,0,0,Primary Tumor,Primary Tumor,0.5146279335021973,True
451,TCGA-D3-A3MU-06,1,1,Metastasis,Metastasis,0.7292826175689697,True
452,TCGA-ER-A2NB-01,0,0,Primary Tumor,Primary Tumor,0.6877744793891907,True
453,TCGA-D3-A2JH-06,1,1,Metastasis,Metastasis,0.6618111729621887,True
454,TCGA-EE-A2GR-06,1,1,Metastasis,Metastasis,0.5655456185340881,True
455,TCGA-FS-A4F4-06,1,1,Metastasis,Metastasis,0.6142654418945312,True
456,TCGA-EE-A2GN-06,1,1,Metastasis,Metastasis,0.6977937817573547,True
457,TCGA-EB-A3XE-01,0,0,Primary Tumor,Primary Tumor,0.575518012046814,True
458,TCGA-ER-A194-01,0,1,Primary Tumor,Metastasis,0.524284303188324,False
459,TCGA-EE-A2GI-06,1,1,Metastasis,Metastasis,0.7289100885391235,True
460,TCGA-QB-AA9O-06,1,1,Metastasis,Metastasis,0.6276652812957764,True
461,TCGA-EE-A2MM-06,1,1,Metastasis,Metastasis,0.6945677995681763,True
462,TCGA-EB-A85I-01,0,1,Primary Tumor,Metastasis,0.6457807421684265,False
463,TCGA-EE-A2MF-06,1,1,Metastasis,Metastasis,0.7123691439628601,True
464,TCGA-ER-A19E-06,1,1,Metastasis,Metastasis,0.5783695578575134,True
465,TCGA-3N-A9WD-06,1,1,Metastasis,Metastasis,0.6684722304344177,True
466,TCGA-DA-A95W-06,1,1,Metastasis,Metastasis,0.6980834007263184,True
467,TCGA-D9-A4Z6-06,1,1,Metastasis,Metastasis,0.5749064087867737,True
468,TCGA-EE-A29L-06,1,1,Metastasis,Metastasis,0.6106407642364502,True
469,010_N,2,0,Benign Nevus,Primary Tumor,0.4513610899448395,False
470,018_N,2,0,Benign Nevus,Primary Tumor,0.39911505579948425,False
471,031_N,2,2,Benign Nevus,Benign Nevus,0.6766343116760254,True
472,1397_N,2,2,Benign Nevus,Benign Nevus,0.9178367853164673,True
473,BO-001-SH-002_N,2,2,Benign Nevus,Benign Nevus,0.7449977993965149,True
474,BO-005-SA-006_N,2,2,Benign Nevus,Benign Nevus,0.9088993072509766,True
475,BO-013-NK-014_N,2,2,Benign Nevus,Benign Nevus,0.9456056952476501,True
476,BO-015-BW-016_N,2,2,Benign Nevus,Benign Nevus,0.9846237301826477,True
477,BO-017-BU-018_N,2,2,Benign Nevus,Benign Nevus,0.9902963042259216,True
478,FKH-008-010_N,2,2,Benign Nevus,Benign Nevus,0.9044259786605835,True
479,FKH-021-022_N,2,2,Benign Nevus,Benign Nevus,0.9119666218757629,True
480,FKH-027-028_N,2,2,Benign Nevus,Benign Nevus,0.7849441766738892,True
481,LE-019-WP-020_N,2,2,Benign Nevus,Benign Nevus,0.9897809028625488,True
482,LE-021-TH-022_N,2,2,Benign Nevus,Benign Nevus,0.9384713768959045,True
483,LE-029-SE-030_N,2,2,Benign Nevus,Benign Nevus,0.47916191816329956,True
484,LE-037-RG-038_N,2,2,Benign Nevus,Benign Nevus,0.3863186836242676,True
485,LE-041-RL-042_N,2,2,Benign Nevus,Benign Nevus,0.9265545606613159,True
486,LE-047-LF-048_N,2,2,Benign Nevus,Benign Nevus,0.7665325403213501,True
487,LE-061-TM-062_N,2,2,Benign Nevus,Benign Nevus,0.8717939257621765,True
488,LE-063-SP-064_N,2,2,Benign Nevus,Benign Nevus,0.9536805152893066,True
489,LE-081-TR-082_N,2,2,Benign Nevus,Benign Nevus,0.7041528224945068,True
490,LE-105-TF-106_N,2,2,Benign Nevus,Benign Nevus,0.9907207489013672,True
491,LE-117-RB-118_N,2,0,Benign Nevus,Primary Tumor,0.39800041913986206,False
