,Primary Tumor,Metastasis,Benign Nevus,Metastasis - Primary,Tumor - Normal
CRCT1,3.00000002600882,2.9999999833598543,3.0000000175551267,-4.2648965692393404e-08,-1.2870789323216059e-08
LCE2C,3.0000000219581997,2.999999997141425,3.0000000030259537,-2.4816774857328028e-08,6.523858786522396e-09
MAGEB6,3.0000000213984412,3.0000000117585053,3.0000000054259663,-9.639935960592538e-09,1.115250691796632e-08
CCL11,3.000000019739813,3.000000000788817,3.000000017961606,-1.8950995883670885e-08,-7.697291248831561e-09
SPRR2D,3.0000000184793048,3.000000002238307,2.999999971782111,-1.624099787989053e-08,3.857669472751013e-08
CRYBB2,3.0000000172756245,2.999999996002499,2.9999999812520715,-2.1273125483389776e-08,2.5386990287756817e-08
LCE6A,3.000000015913933,3.0000000071779716,3.0000000107378195,-8.735961287698046e-09,8.08132671892281e-10
DEFB4A,3.0000000154975917,3.000000012314518,3.0000000017816606,-3.183073804535752e-09,1.2124394377366343e-08
ERVFRD-1,3.0000000147214707,2.9999999996947566,2.9999999961563346,-1.5026714095256466e-08,1.105177904747734e-08
LCE3D,3.0000000145459045,3.0000000028749736,3.000000014438229,-1.1670930888385556e-08,-5.727789798015692e-09
KRT1,3.000000011639127,2.9999999990664095,2.9999999784505222,-1.2572717533743116e-08,2.6902245764404142e-08
IGKV2D-40,3.000000011001248,3.0000000040523283,2.9999999987042467,-6.948919661908803e-09,8.822541364139624e-09
SFTA2,3.0000000093132257,2.9999999935522843,3.0000000121628703,-1.57609414408455e-08,-1.0730115018731112e-08
DSG1,3.0000000089356034,3.0000000013569883,2.9999999955028254,-7.57861506883728e-09,9.643470466613735e-09
LCE2A,3.000000008457973,3.0000000003131055,2.999999999600062,-8.144867447157367e-09,4.785476903634844e-09
LCE3A,3.0000000082671017,3.00000000237853,3.0000000166860015,-5.8885718523526975e-09,-1.136318550365445e-08
FLG2,3.0000000074151285,3.00000000099669,3.0000000190940552,-6.418438669442139e-09,-1.488814582728537e-08
KRT6B,3.000000006422093,2.999999996460957,3.0000000024700295,-9.961135916114472e-09,-1.0285043927638071e-09
KRT2,3.0000000054219456,3.00000000427098,3.0000000215996305,-1.1509655450936407e-09,-1.6753167741967445e-08
C1orf189,3.000000005192123,2.9999999953281153,3.0000000027534752,-9.864007832760535e-09,-2.4933561881823607e-09
AQP5,3.00000000489466,2.9999999993469046,2.999999993197296,-5.547755144164057e-09,8.923486394252222e-09
TGM3,3.000000004060445,3.0000000048179594,2.9999999782758886,7.575144955751512e-10,2.6163313293636747e-08
FGF9,3.0000000037195256,3.0000000050095568,2.999999993681456,1.290031192979768e-09,1.0683085083229571e-08
DEFB103B,3.000000003342212,2.99999999945298,2.999999955337009,-3.8892320475270026e-09,4.606058690015402e-08
KRT79,3.000000001868328,2.999999996096823,2.9999999644979485,-5.771505051654913e-09,3.448462715383016e-08
SSX1,3.000000000419095,2.999999996793568,2.9999999699142315,-3.625526989736727e-09,2.8692100251248576e-08
TBX20,3.000000000284784,2.999999998315592,2.999999985584746,-1.9691923647258136e-09,1.371544211536957e-08
OMP,3.00000000022701,2.999999996851296,2.999999999028185,-3.375713930608981e-09,-4.890319260653087e-10
RPL34P34,3.0,3.0,3.0,0.0,0.0
TOP3BP1,3.0,3.0,3.0,0.0,0.0
FAM187B2P,3.0,3.0,3.0,0.0,0.0
PPP1R14BP2,3.0,3.0,3.0,0.0,0.0
ACER1,3.0,3.0,3.0,0.0,0.0
FXYD6P2,3.0,3.0,3.0,0.0,0.0
RNA5S9,3.0,3.0,3.0,0.0,0.0
DMRTA1,3.0,3.0,3.0,0.0,0.0
AGBL5-AS1,3.0,3.0,3.0,0.0,0.0
IGLV5-48,3.0,3.0,3.0,0.0,0.0
TRBV5-1,3.0,3.0,3.0,0.0,0.0
PNMT,3.0,3.0,3.0,0.0,0.0
C22orf31,3.0,3.0,3.0,0.0,0.0
PF4V1,3.0,3.0,3.0,0.0,0.0
CHRNA9,3.0,3.0,3.0,0.0,0.0
S100P,3.0,3.0,3.0,0.0,0.0
RPS26P21,3.0,3.0,3.0,0.0,0.0
TRAV8-6,3.0,3.0,3.0,0.0,0.0
RPL23AP95,3.0,3.0,3.0,0.0,0.0
SYNE1-AS1,3.0,3.0,3.0,0.0,0.0
HOXC13-AS,3.0,3.0,3.0,0.0,0.0
BPIFB4,3.0,3.0,3.0,0.0,0.0
LURAP1L-AS1,3.0,3.0,3.0,0.0,0.0
SIAH2-AS1,3.0,3.0,3.0,0.0,0.0
PKNOX2-AS1,3.0,3.0,3.0,0.0,0.0
RN7SKP271,3.0,3.0,3.0,0.0,0.0
FERP1,3.0,3.0,3.0,0.0,0.0
FAM83B,3.0,3.0,3.0,0.0,0.0
GPAA1P1,3.0,3.0,3.0,0.0,0.0
PPIAP6,3.0,3.0,3.0,0.0,0.0
RPL29P24,3.0,3.0,3.0,0.0,0.0
SDHAP2,3.0,3.0,3.0,0.0,0.0
RAP1AP,3.0,3.0,3.0,0.0,0.0
MTHFD2P1,3.0,3.0,3.0,0.0,0.0
HCFC1-AS1,3.0,3.0,3.0,0.0,0.0
TRGV3,3.0,3.0,3.0,0.0,0.0
EIF5AP3,3.0,3.0,3.0,0.0,0.0
HCG23,3.0,3.0,3.0,0.0,0.0
RPS9P1,3.0,3.0,3.0,0.0,0.0
FOXD1-AS1,3.0,3.0,3.0,0.0,0.0
RPL21P134,3.0,3.0,3.0,0.0,0.0
RPSAP34,3.0,3.0,3.0,0.0,0.0
RNVU1-6,3.0,3.0,3.0,0.0,0.0
RPS27AP2,3.0,3.0,3.0,0.0,0.0
RPS15AP40,3.0,3.0,3.0,0.0,0.0
HIF1A-AS2,3.0,3.0,3.0,0.0,0.0
OVCH1-AS1,3.0,3.0,3.0,0.0,0.0
RPL23AP64,3.0,3.0,3.0,0.0,0.0
CYP4F29P,3.0,3.0,3.0,0.0,0.0
POLD2P1,3.0,3.0,3.0,0.0,0.0
IGKV2D-28,3.0,3.0,3.0,0.0,0.0
CST4,3.0,3.0,3.0,0.0,0.0
DENND6A-AS1,3.0,3.0,3.0,0.0,0.0
TRGV4,3.0,3.0,3.0,0.0,0.0
KHDC1L,3.0,3.0,3.0,0.0,0.0
RPL23AP63,3.0,3.0,3.0,0.0,0.0
CETN4P,3.0,3.0,3.0,0.0,0.0
BMS1P9,3.0,3.0,3.0,0.0,0.0
PHKA1P1,3.0,3.0,3.0,0.0,0.0
TRAV12-2,3.0,3.0,3.0,0.0,0.0
CTAGE15,3.0,3.0,3.0,0.0,0.0
DPEP3,3.0,3.0,3.0,0.0,0.0
DKFZP434L187,3.0,3.0,3.0,0.0,0.0
MAGEA9,3.0,3.0,3.0,0.0,0.0
CLK3P2,3.0,3.0,3.0,0.0,0.0
VSTM2B,3.0,3.0,3.0,0.0,0.0
PTMAP8,3.0,3.0,3.0,0.0,0.0
IRX1,3.0,3.0,3.0,0.0,0.0
CHP2,3.0,3.0,3.0,0.0,0.0
GRPEL2-AS1,3.0,3.0,3.0,0.0,0.0
TRAV40,3.0,3.0,3.0,0.0,0.0
RPL18P10,3.0,3.0,3.0,0.0,0.0
RPL34P6,3.0,3.0,3.0,0.0,0.0
COX5BP6,3.0,3.0,3.0,0.0,0.0
NXNL1,3.0,3.0,3.0,0.0,0.0
TUBBP2,3.0,3.0,3.0,0.0,0.0
CHL1-AS1,3.0,3.0,3.0,0.0,0.0
SPANXB1,3.0,3.0,3.0,0.0,0.0
GPS2P1,3.0,3.0,3.0,0.0,0.0
TMEM14D,3.0,3.0,3.0,0.0,0.0
HOXA10-AS,3.0,3.0,3.0,0.0,0.0
REG1A,3.0,3.0,3.0,0.0,0.0
RPL36AP29,3.0,3.0,3.0,0.0,0.0
PLA2G3,3.0,3.0,3.0,0.0,0.0
CYCSP52,3.0,3.0,3.0,0.0,0.0
SHISA3,3.0,3.0,3.0,0.0,0.0
CAPNS2,3.0,3.0,3.0,0.0,0.0
RPTN,3.0,3.0,3.0,0.0,0.0
TRBV7-4,3.0,3.0,3.0,0.0,0.0
PRDM13,3.0,3.0,3.0,0.0,0.0
RPL7P50,3.0,3.0,3.0,0.0,0.0
SEC62-AS1,3.0,3.0,3.0,0.0,0.0
GTSF1L,3.0,3.0,3.0,0.0,0.0
KLHL2P1,3.0,3.0,3.0,0.0,0.0
ZDHHC20-IT1,3.0,3.0,3.0,0.0,0.0
ZNF649-AS1,3.0,3.0,3.0,0.0,0.0
TPT1P5,3.0,3.0,3.0,0.0,0.0
SEPT14P12,3.0,3.0,3.0,0.0,0.0
HMGN1P8,3.0,3.0,3.0,0.0,0.0
TMEM189-UBE2V1,3.0,3.0,3.0,0.0,0.0
IL22RA1,3.0,3.0,3.0,0.0,0.0
IGLV3-22,3.0,3.0,3.0,0.0,0.0
PFN1P6,3.0,3.0,3.0,0.0,0.0
IGHV7-40,3.0,3.0,3.0,0.0,0.0
DDX39BP2,3.0,3.0,3.0,0.0,0.0
MED28P3,3.0,3.0,3.0,0.0,0.0
SCOCP1,3.0,3.0,3.0,0.0,0.0
RPS15AP38,3.0,3.0,3.0,0.0,0.0
CENPVP3,3.0,3.0,3.0,0.0,0.0
OR2L1P,3.0,3.0,3.0,0.0,0.0
PSORS1C2,3.0,3.0,3.0,0.0,0.0
MRPL45P1,3.0,3.0,3.0,0.0,0.0
UBA52P8,3.0,3.0,3.0,0.0,0.0
OR5J2,3.0,3.0,3.0,0.0,0.0
ZNF32-AS1,3.0,3.0,3.0,0.0,0.0
RNASE7,3.0,3.0,3.0,0.0,0.0
GAGE12C,3.0,3.0,3.0,0.0,0.0
GAGE12D,3.0,3.0,3.0,0.0,0.0
HAUS6P3,3.0,3.0,3.0,0.0,0.0
IGFBPL1,3.0,3.0,3.0,0.0,0.0
EEF1E1P1,3.0,3.0,3.0,0.0,0.0
CHCHD4P3,3.0,3.0,3.0,0.0,0.0
HOXD13,3.0,3.0,3.0,0.0,0.0
SNX18P26,3.0,3.0,3.0,0.0,0.0
NFYAP1,3.0,3.0,3.0,0.0,0.0
TRBV6-4,3.0,3.0,3.0,0.0,0.0
RPS12P31,3.0,3.0,3.0,0.0,0.0
CD5L,3.0,3.0,3.0,0.0,0.0
DCAF13P2,3.0,3.0,3.0,0.0,0.0
HMHB1,3.0,3.0,3.0,0.0,0.0
CTSG,3.0,3.0,3.0,0.0,0.0
IFNG,3.0,3.0,3.0,0.0,0.0
BNIP3P17,3.0,3.0,3.0,0.0,0.0
DDX26B-AS1,3.0,3.0,3.0,0.0,0.0
PIN4P1,3.0,3.0,3.0,0.0,0.0
OXT,3.0,3.0,3.0,0.0,0.0
CCND2-AS1,3.0,3.0,3.0,0.0,0.0
CTAGE4,3.0,3.0,3.0,0.0,0.0
RPL10P15,3.0,3.0,3.0,0.0,0.0
IGHV3-62,3.0,3.0,3.0,0.0,0.0
IFITM4P,3.0,3.0,3.0,0.0,0.0
RN7SKP150,3.0,3.0,3.0,0.0,0.0
HERC2P7,3.0,3.0,3.0,0.0,0.0
IGLC3,3.0,3.0,3.0,0.0,0.0
BTG1P1,3.0,3.0,3.0,0.0,0.0
ERICH2,3.0,3.0,3.0,0.0,0.0
CIR1P2,3.0,3.0,3.0,0.0,0.0
FABP5P11,3.0,3.0,3.0,0.0,0.0
TRGV2,3.0,3.0,3.0,0.0,0.0
PFN1P8,3.0,3.0,3.0,0.0,0.0
TRGV10,3.0,3.0,3.0,0.0,0.0
RPS20P10,3.0,3.0,3.0,0.0,0.0
LRRC52,3.0,3.0,3.0,0.0,0.0
RPL29P19,3.0,3.0,3.0,0.0,0.0
TRBV10-1,3.0,3.0,3.0,0.0,0.0
RPL31P49,3.0,3.0,3.0,0.0,0.0
SZT2-AS1,3.0,3.0,3.0,0.0,0.0
SKA2P1,3.0,3.0,3.0,0.0,0.0
MCF2L-AS1,3.0,3.0,3.0,0.0,0.0
TRGV8,3.0,3.0,3.0,0.0,0.0
HCCAT5,3.0,3.0,3.0,0.0,0.0
NPY6R,3.0,3.0,3.0,0.0,0.0
IFNWP19,3.0,3.0,3.0,0.0,0.0
RPL34P27,3.0,3.0,3.0,0.0,0.0
TRAV8-5,3.0,3.0,3.0,0.0,0.0
PFN1P3,3.0,3.0,3.0,0.0,0.0
IGLC5,3.0,3.0,3.0,0.0,0.0
HCG14,3.0,3.0,3.0,0.0,0.0
PCNPP3,3.0,3.0,3.0,0.0,0.0
OSTN-AS1,3.0,3.0,3.0,0.0,0.0
NDUFA5P11,3.0,3.0,3.0,0.0,0.0
H3F3BP1,3.0,3.0,3.0,0.0,0.0
AGGF1P6,3.0,3.0,3.0,0.0,0.0
DNAJC8P1,3.0,3.0,3.0,0.0,0.0
PLA2G4D,3.0,3.0,3.0,0.0,0.0
HLX-AS1,3.0,3.0,3.0,0.0,0.0
RNU2-17P,3.0,3.0,3.0,0.0,0.0
RPS12P28,3.0,3.0,3.0,0.0,0.0
ZNF350-AS1,3.0,3.0,3.0,0.0,0.0
DSCR4-IT1,3.0,3.0,3.0,0.0,0.0
CCL1,3.0,3.0,3.0,0.0,0.0
MKRN3-AS1,3.0,3.0,3.0,0.0,0.0
ATP6V0CP3,3.0,3.0,3.0,0.0,0.0
SPESP1,3.0,3.0,3.0,0.0,0.0
P3H2-AS1,3.0,3.0,3.0,0.0,0.0
RPL23AP3,3.0,3.0,3.0,0.0,0.0
GAPDHP22,3.0,3.0,3.0,0.0,0.0
CENPVP1,3.0,3.0,3.0,0.0,0.0
SUGT1P,3.0,3.0,3.0,0.0,0.0
TRGV5P,3.0,3.0,3.0,0.0,0.0
IGHG2,3.0,3.0,3.0,0.0,0.0
FAM83C-AS1,3.0,3.0,3.0,0.0,0.0
TMEM185AP1,3.0,3.0,3.0,0.0,0.0
SNRK-AS1,3.0,3.0,3.0,0.0,0.0
FAM8A6P,3.0,3.0,3.0,0.0,0.0
TMED10P1,3.0,3.0,3.0,0.0,0.0
ITLN1,3.0,3.0,3.0,0.0,0.0
COX7BP1,3.0,3.0,3.0,0.0,0.0
GJB5,3.0,3.0,3.0,0.0,0.0
WNT5A-AS1,3.0,3.0,3.0,0.0,0.0
KCNQ5-IT1,3.0,3.0,3.0,0.0,0.0
HDAC11-AS1,3.0,3.0,3.0,0.0,0.0
HMGB1P41,3.0,3.0,3.0,0.0,0.0
CGB2,3.0,3.0,3.0,0.0,0.0
RPL23AP32,3.0,3.0,3.0,0.0,0.0
ZNRF2P1,3.0,3.0,3.0,0.0,0.0
CHRM1,3.0,3.0,3.0,0.0,0.0
OR2A1,3.0,3.0,3.0,0.0,0.0
TSPEAR-AS2,3.0,3.0,3.0,0.0,0.0
RPLP1P11,3.0,3.0,3.0,0.0,0.0
CXCL5,3.0,3.0,3.0,0.0,0.0
EREG,3.0,3.0,3.0,0.0,0.0
HM13-AS1,3.0,3.0,3.0,0.0,0.0
CBX3P4,3.0,3.0,3.0,0.0,0.0
ODF2-AS1,3.0,3.0,3.0,0.0,0.0
ZDHHC20P1,3.0,3.0,3.0,0.0,0.0
DKFZp434J0226,3.0,3.0,3.0,0.0,0.0
HMGB3P32,3.0,3.0,3.0,0.0,0.0
IGFL1P1,3.0,3.0,3.0,0.0,0.0
RPS15AP24,3.0,3.0,3.0,0.0,0.0
IGLC2,3.0,3.0,3.0,0.0,0.0
SNX18P7,3.0,3.0,3.0,0.0,0.0
TUFMP1,3.0,3.0,3.0,0.0,0.0
NAT8,3.0,3.0,3.0,0.0,0.0
IGLL3P,3.0,3.0,3.0,0.0,0.0
MTND4P12,3.0,3.0,3.0,0.0,0.0
HCN1,3.0,3.0,3.0,0.0,0.0
RN7SL199P,3.0,3.0,3.0,0.0,0.0
RN7SL656P,3.0,3.0,3.0,0.0,0.0
IGHV1OR15-1,3.0,3.0,3.0,0.0,0.0
OR2L13,3.0,3.0,3.0,0.0,0.0
RPL23AP81,3.0,3.0,3.0,0.0,0.0
RPL39P,3.0,3.0,3.0,0.0,0.0
IBA57-AS1,3.0,3.0,3.0,0.0,0.0
TMEM215,3.0,3.0,3.0,0.0,0.0
RHOT1P2,3.0,3.0,3.0,0.0,0.0
E2F6P1,3.0,3.0,3.0,0.0,0.0
RPL21P110,3.0,3.0,3.0,0.0,0.0
IGHA2,3.0,3.0,3.0,0.0,0.0
RN7SKP173,3.0,3.0,3.0,0.0,0.0
EIF4EP1,3.0,3.0,3.0,0.0,0.0
ZBED9,3.0,3.0,3.0,0.0,0.0
RSL24D1P1,3.0,3.0,3.0,0.0,0.0
TUNAR,3.0,3.0,3.0,0.0,0.0
TH2LCRR,3.0,3.0,3.0,0.0,0.0
ACTC1,3.0,3.0,3.0,0.0,0.0
RPS20P22,3.0,3.0,3.0,0.0,0.0
SMCR2,3.0,3.0,3.0,0.0,0.0
RPL35P6,3.0,3.0,3.0,0.0,0.0
TFDP3,3.0,3.0,3.0,0.0,0.0
RPL23AP86,3.0,3.0,3.0,0.0,0.0
CDCA4P1,3.0,3.0,3.0,0.0,0.0
UNC93B3,3.0,3.0,3.0,0.0,0.0
IGBP1-AS1,3.0,3.0,3.0,0.0,0.0
ZRANB2-AS1,3.0,3.0,3.0,0.0,0.0
HRASLS2,3.0,3.0,3.0,0.0,0.0
KBTBD11-OT1,3.0,3.0,3.0,0.0,0.0
SLC25A36P1,3.0,3.0,3.0,0.0,0.0
NEUROG2,3.0,3.0,3.0,0.0,0.0
GCSAML-AS1,3.0,3.0,3.0,0.0,0.0
VCAN-AS1,3.0,3.0,3.0,0.0,0.0
ARF4P2,3.0,3.0,3.0,0.0,0.0
NUTF2P6,3.0,3.0,3.0,0.0,0.0
HMGB1P17,3.0,3.0,3.0,0.0,0.0
YWHAEP1,3.0,3.0,3.0,0.0,0.0
UBE2L4,3.0,3.0,3.0,0.0,0.0
CYP17A1-AS1,3.0,3.0,3.0,0.0,0.0
MED4-AS1,3.0,3.0,3.0,0.0,0.0
RPS12P21,3.0,3.0,3.0,0.0,0.0
TRIM51GP,3.0,3.0,3.0,0.0,0.0
PPP1R2P1,3.0,3.0,3.0,0.0,0.0
RPS19P3,3.0,3.0,3.0,0.0,0.0
RN7SL368P,3.0,3.0,3.0,0.0,0.0
KIAA0196-AS1,3.0,3.0,3.0,0.0,0.0
MTND6P4,3.0,3.0,3.0,0.0,0.0
PRSS44,3.0,3.0,3.0,0.0,0.0
BTF3L4P3,3.0,3.0,3.0,0.0,0.0
ZFHX4-AS1,3.0,3.0,3.0,0.0,0.0
RRM2P3,3.0,3.0,3.0,0.0,0.0
PPIAP9,3.0,3.0,3.0,0.0,0.0
SCGB2A2,3.0,3.0,3.0,0.0,0.0
BARHL2,3.0,3.0,3.0,0.0,0.0
LYPLA1P3,3.0,3.0,3.0,0.0,0.0
RNF185-AS1,3.0,3.0,3.0,0.0,0.0
TPSG1,3.0,3.0,3.0,0.0,0.0
SCARNA13,3.0,3.0,3.0,0.0,0.0
C20orf141,3.0,3.0,3.0,0.0,0.0
LENEP,3.0,3.0,3.0,0.0,0.0
KRTAP5-1,3.0,3.0,3.0,0.0,0.0
VN1R105P,3.0,3.0,3.0,0.0,0.0
ZNF321P,3.0,3.0,3.0,0.0,0.0
CRYBA4,3.0,3.0,3.0,0.0,0.0
NCBP2-AS1,3.0,3.0,3.0,0.0,0.0
RNF138P1,3.0,3.0,3.0,0.0,0.0
RPS19P1,3.0,3.0,3.0,0.0,0.0
ACCSL,3.0,3.0,3.0,0.0,0.0
GAPDHP27,3.0,3.0,3.0,0.0,0.0
FTLP2,3.0,3.0,3.0,0.0,0.0
GCNT1P3,3.0,3.0,3.0,0.0,0.0
UGT2B17,3.0,3.0,3.0,0.0,0.0
HEPHL1,3.0,3.0,3.0,0.0,0.0
PCP4L1,3.0,3.0,3.0,0.0,0.0
CPA3,3.0,3.0,3.0,0.0,0.0
RPL21P133,3.0,3.0,3.0,0.0,0.0
MYOZ2,3.0,3.0,3.0,0.0,0.0
IGLCOR22-1,3.0,3.0,3.0,0.0,0.0
CCDC169-SOHLH2,3.0,3.0,3.0,0.0,0.0
CACNG4,3.0,3.0,3.0,0.0,0.0
BOLA3P3,3.0,3.0,3.0,0.0,0.0
MANSC4,3.0,3.0,3.0,0.0,0.0
GK-AS1,3.0,3.0,3.0,0.0,0.0
EBAG9P1,3.0,3.0,3.0,0.0,0.0
RPS15P5,3.0,3.0,3.0,0.0,0.0
RPL23AP66,3.0,3.0,3.0,0.0,0.0
OR51B4,3.0,3.0,3.0,0.0,0.0
HCG4P8,3.0,3.0,3.0,0.0,0.0
RPL23AP57,3.0,3.0,3.0,0.0,0.0
TSSC1-IT1,3.0,3.0,3.0,0.0,0.0
ETV5-AS1,3.0,3.0,3.0,0.0,0.0
HIST1H2APS4,3.0,3.0,3.0,0.0,0.0
RPL36AP15,3.0,3.0,3.0,0.0,0.0
OR7E28P,3.0,3.0,3.0,0.0,0.0
DIRC1,3.0,3.0,3.0,0.0,0.0
RPS5P2,3.0,3.0,3.0,0.0,0.0
SCGB3A1,3.0,3.0,3.0,0.0,0.0
SATB2-AS1,3.0,3.0,3.0,0.0,0.0
OTOR,3.0,3.0,3.0,0.0,0.0
FOXL2,3.0,3.0,3.0,0.0,0.0
UGT1A7,3.0,3.0,3.0,0.0,0.0
RPL23AP20,3.0,3.0,3.0,0.0,0.0
PTP4A2P2,3.0,3.0,3.0,0.0,0.0
ADGRF5P1,3.0,3.0,3.0,0.0,0.0
PART1,3.0,3.0,3.0,0.0,0.0
MRPS18AP1,3.0,3.0,3.0,0.0,0.0
SLC51B,3.0,3.0,3.0,0.0,0.0
EEF1DP7,3.0,3.0,3.0,0.0,0.0
OR1F1,3.0,3.0,3.0,0.0,0.0
DDX39B-AS1,3.0,3.0,3.0,0.0,0.0
SLED1,3.0,3.0,3.0,0.0,0.0
FTH1P1,3.0,3.0,3.0,0.0,0.0
BTF3P4,3.0,3.0,3.0,0.0,0.0
KAAG1,3.0,3.0,3.0,0.0,0.0
RPL39P5,3.0,3.0,3.0,0.0,0.0
HOXB-AS2,3.0,3.0,3.0,0.0,0.0
RPL12P1,3.0,3.0,3.0,0.0,0.0
C1DP5,3.0,3.0,3.0,0.0,0.0
BFSP2,3.0,3.0,3.0,0.0,0.0
CLCA2,3.0,3.0,3.0,0.0,0.0
PGBD4P1,3.0,3.0,3.0,0.0,0.0
HMGB1P10,3.0,3.0,3.0,0.0,0.0
RPL23AP67,3.0,3.0,3.0,0.0,0.0
BNIP3P10,3.0,3.0,3.0,0.0,0.0
SAPCD1-AS1,3.0,3.0,3.0,0.0,0.0
ZEB2P1,3.0,3.0,3.0,0.0,0.0
PSMC1P5,3.0,3.0,3.0,0.0,0.0
GRM7-AS1,3.0,3.0,3.0,0.0,0.0
LBP,3.0,3.0,3.0,0.0,0.0
TPT1P6,3.0,3.0,3.0,0.0,0.0
VN1R83P,3.0,3.0,3.0,0.0,0.0
TUBB8P1,3.0,3.0,3.0,0.0,0.0
PACERR,3.0,3.0,3.0,0.0,0.0
UBBP1,3.0,3.0,3.0,0.0,0.0
ARMCX3-AS1,3.0,3.0,3.0,0.0,0.0
CDRT15P1,3.0,3.0,3.0,0.0,0.0
FAM195CP,3.0,3.0,3.0,0.0,0.0
NT5CP1,3.0,3.0,3.0,0.0,0.0
NDUFB8P2,3.0,3.0,3.0,0.0,0.0
RPL36AP21,3.0,3.0,3.0,0.0,0.0
TUBB8P2,3.0,3.0,3.0,0.0,0.0
FMR1-IT1,3.0,3.0,3.0,0.0,0.0
PPIAP13,3.0,3.0,3.0,0.0,0.0
BNIP3P27,3.0,3.0,3.0,0.0,0.0
OTOL1,3.0,3.0,3.0,0.0,0.0
NT5C1A,3.0,3.0,3.0,0.0,0.0
CLIC4P1,3.0,3.0,3.0,0.0,0.0
RPL21P131,3.0,3.0,3.0,0.0,0.0
RPL29P14,3.0,3.0,3.0,0.0,0.0
ZNF750,3.0,3.0,3.0,0.0,0.0
RHOA-IT1,3.0,3.0,3.0,0.0,0.0
GAPDHP71,3.0,3.0,3.0,0.0,0.0
RPRM,3.0,3.0,3.0,0.0,0.0
RPL35AP32,3.0,3.0,3.0,0.0,0.0
LARP1P1,3.0,3.0,3.0,0.0,0.0
THRSP,3.0,3.0,3.0,0.0,0.0
EEF1DP2,3.0,3.0,3.0,0.0,0.0
RNU1-82P,3.0,3.0,3.0,0.0,0.0
TRHDE-AS1,3.0,3.0,3.0,0.0,0.0
RPL23AP43,3.0,3.0,3.0,0.0,0.0
HM13-IT1,3.0,3.0,3.0,0.0,0.0
HMGB1P35,3.0,3.0,3.0,0.0,0.0
COX6B1P5,3.0,3.0,3.0,0.0,0.0
SCML2P2,3.0,3.0,3.0,0.0,0.0
C1QTNF1-AS1,3.0,3.0,3.0,0.0,0.0
RPL21P3,3.0,3.0,3.0,0.0,0.0
KRT16P4,3.0,3.0,3.0,0.0,0.0
TGFB2-AS1,3.0,3.0,3.0,0.0,0.0
GAPDHP59,3.0,3.0,3.0,0.0,0.0
PGAM1P7,3.0,3.0,3.0,0.0,0.0
RFPL4A,3.0,3.0,3.0,0.0,0.0
GSTM3P1,3.0,3.0,3.0,0.0,0.0
IGKV7-3,3.0,3.0,3.0,0.0,0.0
GLTSCR2-AS1,3.0,3.0,3.0,0.0,0.0
PPIAP3,3.0,3.0,3.0,0.0,0.0
LOXL4,3.0,3.0,3.0,0.0,0.0
SNRPCP3,3.0,3.0,3.0,0.0,0.0
OSMR-AS1,3.0,3.0,3.0,0.0,0.0
RHOXF1,3.0,3.0,3.0,0.0,0.0
FAM96AP2,3.0,3.0,3.0,0.0,0.0
RPL13AP2,3.0,3.0,3.0,0.0,0.0
GXYLT1P3,3.0,3.0,3.0,0.0,0.0
PRDX1P1,3.0,3.0,3.0,0.0,0.0
SPATA45,3.0,3.0,3.0,0.0,0.0
LYST-AS1,3.0,3.0,3.0,0.0,0.0
RNVU1-3,3.0,3.0,3.0,0.0,0.0
RPL21P2,3.0,3.0,3.0,0.0,0.0
COX6CP1,3.0,3.0,3.0,0.0,0.0
TM4SF1-AS1,3.0,3.0,3.0,0.0,0.0
TRBV26OR9-2,3.0,3.0,3.0,0.0,0.0
RN7SKP187,3.0,3.0,3.0,0.0,0.0
TIMM8BP2,3.0,3.0,3.0,0.0,0.0
RWDD4P1,3.0,3.0,3.0,0.0,0.0
ZNF663P,3.0,3.0,3.0,0.0,0.0
TRIM51HP,3.0,3.0,3.0,0.0,0.0
PPP1R14C,3.0,3.0,3.0,0.0,0.0
GOLT1A,3.0,3.0,3.0,0.0,0.0
KIRREL-IT1,3.0,3.0,3.0,0.0,0.0
RPS23P6,3.0,3.0,3.0,0.0,0.0
RPL21P39,3.0,3.0,3.0,0.0,0.0
SEPT14P4,3.0,3.0,3.0,0.0,0.0
SNX18P9,3.0,3.0,3.0,0.0,0.0
CAB39P1,3.0,3.0,3.0,0.0,0.0
ZNF30-AS1,3.0,3.0,3.0,0.0,0.0
DNAJC19P9,3.0,3.0,3.0,0.0,0.0
FABP5P2,3.0,3.0,3.0,0.0,0.0
CLDN24,3.0,3.0,3.0,0.0,0.0
RPL21P54,3.0,3.0,3.0,0.0,0.0
PRADC1P1,3.0,3.0,3.0,0.0,0.0
PIGUP1,3.0,3.0,3.0,0.0,0.0
TYR,3.0,3.0,3.0,0.0,0.0
FGF10,3.0,3.0,3.0,0.0,0.0
CYCSP45,3.0,3.0,3.0,0.0,0.0
DSCR10,3.0,3.0,3.0,0.0,0.0
RPLP0P1,3.0,3.0,3.0,0.0,0.0
ATP5G2P4,3.0,3.0,3.0,0.0,0.0
HIGD1AP11,3.0,3.0,3.0,0.0,0.0
RPL21P4,3.0,3.0,3.0,0.0,0.0
RGS17P1,3.0,3.0,3.0,0.0,0.0
CDC37P1,3.0,3.0,3.0,0.0,0.0
FAM163A,3.0,3.0,3.0,0.0,0.0
BCL2L10,3.0,3.0,3.0,0.0,0.0
CBX3P7,3.0,3.0,3.0,0.0,0.0
C10orf107,3.0,3.0,3.0,0.0,0.0
OR2A42,3.0,3.0,3.0,0.0,0.0
LRRC37A7P,3.0,3.0,3.0,0.0,0.0
RPL10P1,3.0,3.0,3.0,0.0,0.0
OR3A2,3.0,3.0,3.0,0.0,0.0
TNMD,3.0,3.0,3.0,0.0,0.0
TRBV19,3.0,3.0,3.0,0.0,0.0
TNP1,3.0,3.0,3.0,0.0,0.0
RPL21P116,3.0,3.0,3.0,0.0,0.0
ICAM4,3.0,3.0,3.0,0.0,0.0
PTGES3P4,3.0,3.0,3.0,0.0,0.0
RPL21P44,3.0,3.0,3.0,0.0,0.0
FOXA3,3.0,3.0,3.0,0.0,0.0
PPP4R1-AS1,3.0,3.0,3.0,0.0,0.0
IFNA20P,3.0,3.0,3.0,0.0,0.0
SETP9,3.0,3.0,3.0,0.0,0.0
MRPL48P1,3.0,3.0,3.0,0.0,0.0
HS1BP3-IT1,3.0,3.0,3.0,0.0,0.0
ENTHD1,3.0,3.0,3.0,0.0,0.0
IFITM9P,3.0,3.0,3.0,0.0,0.0
HYI-AS1,3.0,3.0,3.0,0.0,0.0
HMGB3P4,3.0,3.0,3.0,0.0,0.0
BTBD7P1,3.0,3.0,3.0,0.0,0.0
HBQ1,3.0,3.0,3.0,0.0,0.0
GTF2IP23,3.0,3.0,3.0,0.0,0.0
TRAV19,3.0,3.0,3.0,0.0,0.0
IGLVI-70,3.0,3.0,3.0,0.0,0.0
TRBV6-1,3.0,3.0,3.0,0.0,0.0
HLA-U,3.0,3.0,3.0,0.0,0.0
PLCH1-AS1,3.0,3.0,3.0,0.0,0.0
GCSHP3,3.0,3.0,3.0,0.0,0.0
IGHV4-34,3.0,3.0,3.0,0.0,0.0
TRBV10-2,3.0,3.0,3.0,0.0,0.0
BANF1P2,3.0,3.0,3.0,0.0,0.0
C2orf27AP3,3.0,3.0,3.0,0.0,0.0
TRBV5-6,3.0,3.0,3.0,0.0,0.0
IGKV4-1,3.0,3.0,3.0,0.0,0.0
SUMO2P1,3.0,3.0,3.0,0.0,0.0
NSFP1,3.0,3.0,3.0,0.0,0.0
TRAV20,3.0,3.0,3.0,0.0,0.0
HMGN2P3,3.0,3.0,3.0,0.0,0.0
TRAV36DV7,3.0,3.0,3.0,0.0,0.0
IGLV3-21,3.0,3.0,3.0,0.0,0.0
USP12-AS2,3.0,3.0,3.0,0.0,0.0
TRAV39,3.0,3.0,3.0,0.0,0.0
NDUFC2-KCTD14,3.0,3.0,3.0,0.0,0.0
TRBV21-1,3.0,3.0,3.0,0.0,0.0
GAGE12J,3.0,3.0,3.0,0.0,0.0
CASC21,3.0,3.0,3.0,0.0,0.0
FDCSP,3.0,3.0,3.0,0.0,0.0
TRBV6-6,3.0,3.0,3.0,0.0,0.0
MAFA-AS1,3.0,3.0,3.0,0.0,0.0
IGHV3-71,3.0,3.0,3.0,0.0,0.0
TRBV7-6,3.0,3.0,3.0,0.0,0.0
PYCARD-AS1,3.0,3.0,3.0,0.0,0.0
TRAV8-3,3.0,3.0,3.0,0.0,0.0
SDHDP6,3.0,3.0,3.0,0.0,0.0
TRAV12-1,3.0,3.0,3.0,0.0,0.0
TRBV27,3.0,3.0,3.0,0.0,0.0
CASC9,3.0,3.0,3.0,0.0,0.0
HIST2H3DP1,3.0,3.0,3.0,0.0,0.0
OVAAL,3.0,3.0,3.0,0.0,0.0
TRAV16,3.0,3.0,3.0,0.0,0.0
RN7SKP70,3.0,3.0,3.0,0.0,0.0
AHCYP8,3.0,3.0,3.0,0.0,0.0
IGKV1D-39,3.0,3.0,3.0,0.0,0.0
SUMO1P4,3.0,3.0,3.0,0.0,0.0
IGLV2-23,3.0,3.0,3.0,0.0,0.0
TRBV5-5,3.0,3.0,3.0,0.0,0.0
IGLV1-40,3.0,3.0,3.0,0.0,0.0
TRAV38-2DV8,3.0,3.0,3.0,0.0,0.0
RPS21P1,3.0,3.0,3.0,0.0,0.0
HPN-AS1,3.0,3.0,3.0,0.0,0.0
TRAV41,3.0,3.0,3.0,0.0,0.0
HIST1H4PS1,3.0,3.0,3.0,0.0,0.0
DEFB1,3.0,3.0,3.0,0.0,0.0
TGIF2-C20orf24,3.0,3.0,3.0,0.0,0.0
IGHV4-39,3.0,3.0,3.0,0.0,0.0
IGHV5-78,3.0,3.0,3.0,0.0,0.0
NOP56P3,3.0,3.0,3.0,0.0,0.0
SEMA3B-AS1,3.0,3.0,3.0,0.0,0.0
HIST2H2BA,3.0,3.0,3.0,0.0,0.0
TRBV11-1,3.0,3.0,3.0,0.0,0.0
RARRES2P10,3.0,3.0,3.0,0.0,0.0
MLLT10P1,3.0,3.0,3.0,0.0,0.0
HSPE1P11,3.0,3.0,3.0,0.0,0.0
IGKV1-5,3.0,3.0,3.0,0.0,0.0
XAGE2,3.0,3.0,3.0,0.0,0.0
COX6CP2,3.0,3.0,3.0,0.0,0.0
MYCNUT,3.0,3.0,3.0,0.0,0.0
PCAT7,3.0,3.0,3.0,0.0,0.0
TMSB4Y,3.0,3.0,3.0,0.0,0.0
SNRPFP1,3.0,3.0,3.0,0.0,0.0
TRBV6-5,3.0,3.0,3.0,0.0,0.0
PMP2,3.0,3.0,3.0,0.0,0.0
TRAV2,3.0,3.0,3.0,0.0,0.0
LIN28B,3.0,3.0,3.0,0.0,0.0
ACTBP8,3.0,3.0,3.0,0.0,0.0
RN7SKP275,3.0,3.0,3.0,0.0,0.0
RPSAP53,3.0,3.0,3.0,0.0,0.0
PFN1P4,3.0,3.0,3.0,0.0,0.0
IFT74-AS1,3.0,3.0,3.0,0.0,0.0
MYL10,3.0,3.0,3.0,0.0,0.0
HOXB13,3.0,3.0,3.0,0.0,0.0
TRAV14DV4,3.0,3.0,3.0,0.0,0.0
TRBV24-1,3.0,3.0,3.0,0.0,0.0
HOXC12,3.0,3.0,3.0,0.0,0.0
TRAV23DV6,3.0,3.0,3.0,0.0,0.0
TRAV8-4,3.0,3.0,3.0,0.0,0.0
HMGN1P18,3.0,3.0,3.0,0.0,0.0
HOMER2P1,3.0,3.0,3.0,0.0,0.0
TRGV7,3.0,3.0,3.0,0.0,0.0
FTLP14,3.0,3.0,3.0,0.0,0.0
SNRPEP6,3.0,3.0,3.0,0.0,0.0
NKX2-2,3.0,3.0,3.0,0.0,0.0
RN7SKP296,3.0,3.0,3.0,0.0,0.0
SCARNA6,3.0,3.0,3.0,0.0,0.0
WFDC12,3.0,3.0,3.0,0.0,0.0
TRAV25,3.0,3.0,3.0,0.0,0.0
IGLV4-3,3.0,3.0,3.0,0.0,0.0
IGLV6-57,3.0,3.0,3.0,0.0,0.0
TRAV10,3.0,3.0,3.0,0.0,0.0
SCARNA5,3.0,3.0,3.0,0.0,0.0
BANF1P3,3.0,3.0,3.0,0.0,0.0
TRAV1-1,3.0,3.0,3.0,0.0,0.0
TRAV6,3.0,3.0,3.0,0.0,0.0
OR7E101P,3.0,3.0,3.0,0.0,0.0
TRAV21,3.0,3.0,3.0,0.0,0.0
TRAV30,3.0,3.0,3.0,0.0,0.0
ELFN1-AS1,3.0,3.0,3.0,0.0,0.0
PVRIG2P,3.0,3.0,3.0,0.0,0.0
PARD3-AS1,3.0,3.0,3.0,0.0,0.0
SPTLC1P1,3.0,3.0,3.0,0.0,0.0
RN7SKP80,3.0,3.0,3.0,0.0,0.0
MT1H,3.0,3.0,3.0,0.0,0.0
TRAV13-2,3.0,3.0,3.0,0.0,0.0
GTF2IP20,3.0,3.0,3.0,0.0,0.0
RNU1-39P,3.0,3.0,3.0,0.0,0.0
CDH12P1,3.0,3.0,3.0,0.0,0.0
CDH12P3,3.0,3.0,3.0,0.0,0.0
COX5BP7,3.0,3.0,3.0,0.0,0.0
TRAV5,3.0,3.0,3.0,0.0,0.0
TRAV35,3.0,3.0,3.0,0.0,0.0
ARSEP1,3.0,3.0,3.0,0.0,0.0
FAM25A,3.0,3.0,3.0,0.0,0.0
IGHV3-66,3.0,3.0,3.0,0.0,0.0
IGLV2-18,3.0,3.0,3.0,0.0,0.0
IGLV3-10,3.0,3.0,3.0,0.0,0.0
IGKV1D-16,3.0,3.0,3.0,0.0,0.0
IGLV8-61,3.0,3.0,3.0,0.0,0.0
IGLV7-43,3.0,3.0,3.0,0.0,0.0
RNU4-2,3.0,3.0,3.0,0.0,0.0
IGHV6-1,3.0,3.0,3.0,0.0,0.0
IGLV4-69,3.0,3.0,3.0,0.0,0.0
IGLV3-19,3.0,3.0,3.0,0.0,0.0
RNU2-2P,3.0,3.0,3.0,0.0,0.0
IGKV2-24,3.0,3.0,3.0,0.0,0.0
IGHV3-43,3.0,3.0,3.0,0.0,0.0
IGHV1-18,3.0,3.0,3.0,0.0,0.0
RPL23AP60,3.0,3.0,3.0,0.0,0.0
IGKV1-9,3.0,3.0,3.0,0.0,0.0
IGHV4-55,3.0,3.0,3.0,0.0,0.0
IGKV1-6,3.0,3.0,3.0,0.0,0.0
NOP56P1,3.0,3.0,3.0,0.0,0.0
IGLV1-41,3.0,3.0,3.0,0.0,0.0
RARRES2P6,3.0,3.0,3.0,0.0,0.0
IGLC6,3.0,3.0,3.0,0.0,0.0
SEPT14P2,3.0,3.0,3.0,0.0,0.0
IGLV3-16,3.0,3.0,3.0,0.0,0.0
HIST1H1PS1,3.0,3.0,3.0,0.0,0.0
IGKV1-37,3.0,3.0,3.0,0.0,0.0
IGHV3-7,3.0,3.0,3.0,0.0,0.0
IGKV5-2,3.0,3.0,3.0,0.0,0.0
IGLV3-9,3.0,3.0,3.0,0.0,0.0
IGKV6D-21,3.0,3.0,3.0,0.0,0.0
ARAP1-AS1,3.0,3.0,3.0,0.0,0.0
TMSB4XP6,3.0,3.0,3.0,0.0,0.0
CTAG2,3.0,3.0,3.0,0.0,0.0
LGALS7B,3.0,3.0,3.0,0.0,0.0
RNVU1-7,3.0,3.0,3.0,0.0,0.0
IGKV1-39,3.0,3.0,3.0,0.0,0.0
GAGE2A,3.0,3.0,3.0,0.0,0.0
IGHV1-69,3.0,3.0,3.0,0.0,0.0
ARMCX7P,3.0,3.0,3.0,0.0,0.0
RPL39P34,3.0,3.0,3.0,0.0,0.0
RNU1-106P,3.0,3.0,3.0,0.0,0.0
IGKV6-21,3.0,3.0,3.0,0.0,0.0
IGKV2D-30,3.0,3.0,3.0,0.0,0.0
MAGEC2,3.0,3.0,3.0,0.0,0.0
IGHV3-73,3.0,3.0,3.0,0.0,0.0
KRT14,3.0,3.0,3.0,0.0,0.0
IGLV4-60,3.0,3.0,3.0,0.0,0.0
IGHV2-26,3.0,3.0,3.0,0.0,0.0
IGLV3-27,3.0,3.0,3.0,0.0,0.0
IGKV1-12,3.0,3.0,3.0,0.0,0.0
IGLV9-49,3.0,3.0,3.0,0.0,0.0
IGLV5-45,3.0,3.0,3.0,0.0,0.0
IGKV2-30,3.0,3.0,3.0,0.0,0.0
LY6D,3.0,3.0,3.0,0.0,0.0
MAGEB2,3.0,3.0,3.0,0.0,0.0
IGKV3D-20,3.0,3.0,3.0,0.0,0.0
NAV2-AS1,3.0,3.0,3.0,0.0,0.0
LY6G6C,3.0,3.0,3.0,0.0,0.0
DSG3,3.0,3.0,3.0,0.0,0.0
TOP1P1,3.0,3.0,3.0,0.0,0.0
RPL23AP24,3.0,3.0,3.0,0.0,0.0
PI3,3.0,3.0,3.0,0.0,0.0
TRAV24,3.0,3.0,3.0,0.0,0.0
IGKV3-7,3.0,3.0,3.0,0.0,0.0
ZBTB45P2,3.0,3.0,3.0,0.0,0.0
GNG8,3.0,3.0,3.0,0.0,0.0
IGLV5-52,3.0,3.0,3.0,0.0,0.0
UQCRHP4,3.0,3.0,3.0,0.0,0.0
IGKV3-15,3.0,3.0,3.0,0.0,0.0
CRABP1,3.0,3.0,3.0,0.0,0.0
DEFB109P3,3.0,3.0,3.0,0.0,0.0
SNRPGP4,3.0,3.0,3.0,0.0,0.0
GAGE10,3.0,3.0,3.0,0.0,0.0
RPL23AP25,3.0,3.0,3.0,0.0,0.0
TRBV4-1,3.0,3.0,3.0,0.0,0.0
IGKV1D-17,3.0,3.0,3.0,0.0,0.0
RNU2-27P,3.0,3.0,3.0,0.0,0.0
IGHV5-51,3.0,3.0,3.0,0.0,0.0
IGLV3-12,3.0,3.0,3.0,0.0,0.0
TRAV26-2,3.0,3.0,3.0,0.0,0.0
CST5,3.0,3.0,3.0,0.0,0.0
TRAV38-1,3.0,3.0,3.0,0.0,0.0
IGHV3-74,3.0,3.0,3.0,0.0,0.0
HULC,3.0,3.0,3.0,0.0,0.0
IGLV2-14,3.0,3.0,3.0,0.0,0.0
MTATP8P1,3.0,3.0,3.0,0.0,0.0
IGLV3-1,3.0,3.0,3.0,0.0,0.0
KRTAP19-1,3.0,3.0,3.0,0.0,0.0
GP1BB,3.0,3.0,3.0,0.0,0.0
IGKV3OR2-268,3.0,3.0,3.0,0.0,0.0
RPS27P29,3.0,3.0,3.0,0.0,0.0
IGLV5-37,3.0,3.0,3.0,0.0,0.0
C10orf99,3.0,3.0,3.0,0.0,0.0
RPL23AP47,3.0,3.0,3.0,0.0,0.0
FGF7P2,3.0,3.0,3.0,0.0,0.0
NKX2-5,3.0,3.0,3.0,0.0,0.0
IGHV1-24,3.0,3.0,3.0,0.0,0.0
IGLV1-47,3.0,3.0,3.0,0.0,0.0
RSC1A1,3.0,3.0,3.0,0.0,0.0
CDH12P2,3.0,3.0,3.0,0.0,0.0
SLC2A3P1,3.0,3.0,3.0,0.0,0.0
IGKV2D-24,3.0,3.0,3.0,0.0,0.0
IGHV3-33,3.0,3.0,3.0,0.0,0.0
IGLV3-25,3.0,3.0,3.0,0.0,0.0
PAGE1,3.0,3.0,3.0,0.0,0.0
STK19B,3.0,3.0,3.0,0.0,0.0
MKRN9P,3.0,3.0,3.0,0.0,0.0
NAA11,3.0,3.0,3.0,0.0,0.0
SLURP1,3.0,3.0,3.0,0.0,0.0
VCY,3.0,3.0,3.0,0.0,0.0
IGLV2-11,3.0,3.0,3.0,0.0,0.0
IGHV3-21,3.0,3.0,3.0,0.0,0.0
IGHV1-46,3.0,3.0,3.0,0.0,0.0
COX7CP1,3.0,3.0,3.0,0.0,0.0
RNU2-7P,3.0,3.0,3.0,0.0,0.0
IGKV1-13,3.0,3.0,3.0,0.0,0.0
ENO1P4,3.0,3.0,3.0,0.0,0.0
BMS1P12,3.0,3.0,3.0,0.0,0.0
ITIH6,3.0,3.0,3.0,0.0,0.0
ZBTB45P1,3.0,3.0,3.0,0.0,0.0
TRBV7-7,3.0,3.0,3.0,0.0,0.0
UQCRBP1,3.0,3.0,3.0,0.0,0.0
TNFRSF6B,3.0,3.0,3.0,0.0,0.0
DEFA1,3.0,3.0,3.0,0.0,0.0
IGHVII-44-2,3.0,3.0,3.0,0.0,0.0
TRAV12-3,3.0,3.0,3.0,0.0,0.0
PGLYRP3,3.0,3.0,3.0,0.0,0.0
HMGN1P4,3.0,3.0,3.0,0.0,0.0
HMGN2P40,3.0,3.0,3.0,0.0,0.0
PMS2P9,3.0,3.0,3.0,0.0,0.0
FAM106CP,3.0,3.0,3.0,0.0,0.0
ATP1B3-AS1,3.0,3.0,3.0,0.0,0.0
IGKV2-26,3.0,3.0,3.0,0.0,0.0
TRAV26-1,3.0,3.0,3.0,0.0,0.0
WISP1-OT1,3.0,3.0,3.0,0.0,0.0
LLPH-AS1,3.0,3.0,3.0,0.0,0.0
OR8G5,3.0,3.0,3.0,0.0,0.0
CARD17,3.0,3.0,3.0,0.0,0.0
TRAV8-2,3.0,3.0,3.0,0.0,0.0
SDR9C7,3.0,3.0,3.0,0.0,0.0
PTGER4P2,3.0,3.0,3.0,0.0,0.0
ZFY-AS1,3.0,3.0,3.0,0.0,0.0
ANGPTL7,3.0,3.0,3.0,0.0,0.0
SLC25A1P5,3.0,3.0,3.0,0.0,0.0
VN1R42P,3.0,3.0,3.0,0.0,0.0
HNRNPA1P33,3.0,3.0,3.0,0.0,0.0
NKX2-4,3.0,3.0,3.0,0.0,0.0
WDR7-OT1,3.0,3.0,3.0,0.0,0.0
RPL37P23,3.0,3.0,3.0,0.0,0.0
FOCAD-AS1,3.0,3.0,3.0,0.0,0.0
RPS20P4,3.0,3.0,3.0,0.0,0.0
IGLV1-51,3.0,3.0,3.0,0.0,0.0
ERHP1,3.0,3.0,3.0,0.0,0.0
KIAA1614-AS1,3.0,3.0,3.0,0.0,0.0
SCARNA12,3.0,3.0,3.0,0.0,0.0
TRAV3,3.0,3.0,3.0,0.0,0.0
COX20P1,3.0,3.0,3.0,0.0,0.0
GAGE12H,3.0,3.0,3.0,0.0,0.0
PRR9,3.0,3.0,3.0,0.0,0.0
TOMM20P2,3.0,3.0,3.0,0.0,0.0
SLC25A24P2,3.0,3.0,3.0,0.0,0.0
OR2A7,3.0,3.0,3.0,0.0,0.0
FTLP12,3.0,3.0,3.0,0.0,0.0
HMGA1P3,3.0,3.0,3.0,0.0,0.0
RPL7AP28,3.0,3.0,3.0,0.0,0.0
VCY1B,3.0,3.0,3.0,0.0,0.0
MEOX2-AS1,3.0,3.0,3.0,0.0,0.0
FAM210CP,3.0,3.0,3.0,0.0,0.0
TRBV5-4,3.0,3.0,3.0,0.0,0.0
DNAJC19P5,3.0,3.0,3.0,0.0,0.0
FAM25G,3.0,3.0,3.0,0.0,0.0
CCDC179,3.0,3.0,3.0,0.0,0.0
HIST2H3D,3.0,3.0,3.0,0.0,0.0
GAPDHP14,3.0,3.0,3.0,0.0,0.0
FAM133DP,3.0,3.0,3.0,0.0,0.0
AGBL5-IT1,3.0,3.0,3.0,0.0,0.0
IGHV3-38,3.0,3.0,3.0,0.0,0.0
HCG9P5,3.0,3.0,3.0,0.0,0.0
TCERG1L,3.0,3.0,3.0,0.0,0.0
CTAGE8,3.0,3.0,3.0,0.0,0.0
OC90,3.0,3.0,3.0,0.0,0.0
FTH1P22,3.0,3.0,3.0,0.0,0.0
SLN,3.0,3.0,3.0,0.0,0.0
RPS15AP36,3.0,3.0,3.0,0.0,0.0
HIST2H2BC,3.0,3.0,3.0,0.0,0.0
RNU1-36P,3.0,3.0,3.0,0.0,0.0
GAGE12E,3.0,3.0,3.0,0.0,0.0
NDP,3.0,3.0,3.0,0.0,0.0
RPS15AP10,3.0,3.0,3.0,0.0,0.0
SNX18P13,3.0,3.0,3.0,0.0,0.0
IGKV1D-43,3.0,3.0,3.0,0.0,0.0
RARRES2P1,3.0,3.0,3.0,0.0,0.0
TRAV18,3.0,3.0,3.0,0.0,0.0
SMPX,3.0,3.0,3.0,0.0,0.0
HSPB2-C11orf52,3.0,3.0,3.0,0.0,0.0
CLDN10-AS1,3.0,3.0,3.0,0.0,0.0
URGCP-MRPS24,3.0,3.0,3.0,0.0,0.0
UCN2,3.0,3.0,3.0,0.0,0.0
HNRNPUP1,3.0,3.0,3.0,0.0,0.0
ORAOV1P1,3.0,3.0,3.0,0.0,0.0
PTGES3P2,3.0,3.0,3.0,0.0,0.0
RNU4-1,3.0,3.0,3.0,0.0,0.0
IGLC1,3.0,3.0,3.0,0.0,0.0
RPL36P4,3.0,3.0,3.0,0.0,0.0
THAP5P1,3.0,3.0,3.0,0.0,0.0
RPL31P52,3.0,3.0,3.0,0.0,0.0
VN1R82P,3.0,3.0,3.0,0.0,0.0
CPSF1P1,3.0,3.0,3.0,0.0,0.0
RPS20P35,3.0,3.0,3.0,0.0,0.0
SPRR4,3.0,3.0,3.0,0.0,0.0
TIMM8AP1,3.0,3.0,3.0,0.0,0.0
IGHV3-47,3.0,3.0,3.0,0.0,0.0
IGFL3,3.0,3.0,3.0,0.0,0.0
TNFSF12-TNFSF13,3.0,3.0,3.0,0.0,0.0
CYCSP34,3.0,3.0,3.0,0.0,0.0
RPS15AP16,3.0,3.0,3.0,0.0,0.0
RN7SKP74,3.0,3.0,3.0,0.0,0.0
BNIP3P4,3.0,3.0,3.0,0.0,0.0
IGHGP,3.0,3.0,3.0,0.0,0.0
DNER,3.0,3.0,3.0,0.0,0.0
TLX3,3.0,3.0,3.0,0.0,0.0
RPS14P8,3.0,3.0,3.0,0.0,0.0
OR9G1,3.0,3.0,3.0,0.0,0.0
CFAP126,3.0,3.0,3.0,0.0,0.0
KCNH1-IT1,3.0,3.0,3.0,0.0,0.0
RN7SKP30,3.0,3.0,3.0,0.0,0.0
RN7SKP160,3.0,3.0,3.0,0.0,0.0
GTF2IP13,3.0,3.0,3.0,0.0,0.0
DEFB126,3.0,3.0,3.0,0.0,0.0
PIP,3.0,3.0,3.0,0.0,0.0
TCEB1P21,3.0,3.0,3.0,0.0,0.0
TRAV29DV5,3.0,3.0,3.0,0.0,0.0
VENTXP5,3.0,3.0,3.0,0.0,0.0
TRBV23-1,3.0,3.0,3.0,0.0,0.0
GLIS2-AS1,3.0,3.0,3.0,0.0,0.0
BIVM-ERCC5,3.0,3.0,3.0,0.0,0.0
SCT,3.0,3.0,3.0,0.0,0.0
RN7SL737P,3.0,3.0,3.0,0.0,0.0
UBA52P6,3.0,3.0,3.0,0.0,0.0
RN7SKP276,3.0,3.0,3.0,0.0,0.0
RHOT1P3,3.0,3.0,3.0,0.0,0.0
RPL36AP43,3.0,3.0,3.0,0.0,0.0
CYCSP10,3.0,3.0,3.0,0.0,0.0
PRELID2P1,3.0,3.0,3.0,0.0,0.0
BEX1,3.0,3.0,3.0,0.0,0.0
C1DP1,3.0,3.0,3.0,0.0,0.0
CRNN,3.0,3.0,3.0,0.0,0.0
RN7SKP269,3.0,3.0,3.0,0.0,0.0
CST6,3.0,3.0,3.0,0.0,0.0
CST2,3.0,3.0,3.0,0.0,0.0
TRAV9-2,3.0,3.0,3.0,0.0,0.0
ZNF280A,3.0,3.0,3.0,0.0,0.0
TM4SF19-TCTEX1D2,3.0,3.0,3.0,0.0,0.0
CKS1BP7,3.0,3.0,3.0,0.0,0.0
TRAV22,3.0,3.0,3.0,0.0,0.0
C1QTNF3-AMACR,3.0,3.0,3.0,0.0,0.0
HLA-DQB1-AS1,3.0,3.0,3.0,0.0,0.0
MT1XP1,3.0,3.0,3.0,0.0,0.0
IGKV3-20,3.0,3.0,3.0,0.0,0.0
CYCSP24,3.0,3.0,3.0,0.0,0.0
MRPS36P1,3.0,3.0,3.0,0.0,0.0
IGHV1OR15-3,3.0,3.0,3.0,0.0,0.0
RBAKDN,3.0,3.0,3.0,0.0,0.0
TRAV34,3.0,3.0,3.0,0.0,0.0
HIST2H2BB,3.0,3.0,3.0,0.0,0.0
FAM83C,3.0,3.0,3.0,0.0,0.0
PSPHP1,3.0,3.0,3.0,0.0,0.0
TRBV4-2,3.0,3.0,3.0,0.0,0.0
RN7SL333P,3.0,3.0,3.0,0.0,0.0
SEPT14P8,3.0,3.0,3.0,0.0,0.0
IGLV1-50,3.0,3.0,3.0,0.0,0.0
MNX1-AS1,3.0,3.0,3.0,0.0,0.0
RNVU1-14,3.0,3.0,3.0,0.0,0.0
MSMP,3.0,3.0,3.0,0.0,0.0
GTF2IP9,3.0,3.0,3.0,0.0,0.0
TRAV4,3.0,3.0,3.0,0.0,0.0
RPL37AP1,3.0,3.0,3.0,0.0,0.0
PNLIPRP3,3.0,3.0,3.0,0.0,0.0
TRAV27,3.0,3.0,3.0,0.0,0.0
HMGN1P3,3.0,3.0,3.0,0.0,0.0
IGKV2D-26,3.0,3.0,3.0,0.0,0.0
SFRP5,3.0,3.0,3.0,0.0,0.0
TRAV1-2,3.0,3.0,3.0,0.0,0.0
TRBV30,3.0,3.0,3.0,0.0,0.0
TRAV8-1,3.0,3.0,3.0,0.0,0.0
CTBP2P1,3.0,3.0,3.0,0.0,0.0
IGKV1OR10-1,3.0,3.0,3.0,0.0,0.0
IGLV2-34,3.0,3.0,3.0,0.0,0.0
DEFB124,3.0,3.0,3.0,0.0,0.0
NKX2-8,3.0,3.0,3.0,0.0,0.0
BRD2-IT1,3.0,3.0,3.0,0.0,0.0
SPATA20P1,3.0,3.0,3.0,0.0,0.0
CELSR3-AS1,3.0,3.0,3.0,0.0,0.0
TRBV2,3.0,3.0,3.0,0.0,0.0
ZYG11AP1,3.0,3.0,3.0,0.0,0.0
TRBV11-2,3.0,3.0,3.0,0.0,0.0
RPS26P15,3.0,3.0,3.0,0.0,0.0
SLITRK6,3.0,3.0,3.0,0.0,0.0
TRBV9,3.0,3.0,3.0,0.0,0.0
IDSP1,3.0,3.0,3.0,0.0,0.0
RN7SKP16,3.0,3.0,3.0,0.0,0.0
NPPC,3.0,3.0,3.0,0.0,0.0
RHOT1P1,3.0,3.0,3.0,0.0,0.0
TRBV3-1,3.0,3.0,3.0,0.0,0.0
PASD1,3.0,3.0,3.0,0.0,0.0
RNA5SP216,3.0,3.0,3.0,0.0,0.0
RPL32P1,3.0,3.0,3.0,0.0,0.0
RPS26P11,3.0,3.0,3.0,0.0,0.0
HMGA1P2,3.0,3.0,3.0,0.0,0.0
TMX2-CTNND1,3.0,3.0,3.0,0.0,0.0
IGLV2-5,3.0,3.0,3.0,0.0,0.0
TRBV29-1,3.0,3.0,3.0,0.0,0.0
TRAV17,3.0,3.0,3.0,0.0,0.0
ANO1-AS1,3.0,3.0,3.0,0.0,0.0
RN7SKP97,3.0,3.0,3.0,0.0,0.0
RPL39P36,3.0,3.0,3.0,0.0,0.0
CEACAM6,3.0,3.0,3.0,0.0,0.0
HSPE1P3,3.0,3.0,3.0,0.0,0.0
PDCD5P1,3.0,3.0,3.0,0.0,0.0
TRBV7-3,3.0,3.0,3.0,0.0,0.0
RPS10P28,3.0,3.0,3.0,0.0,0.0
C5orf46,3.0,3.0,3.0,0.0,0.0
MNX1-AS2,3.0,3.0,3.0,0.0,0.0
RN7SKP287,3.0,3.0,3.0,0.0,0.0
DNAJC9-AS1,3.0,3.0,3.0,0.0,0.0
LYPD2,3.0,3.0,3.0,0.0,0.0
PPIAP16,3.0,3.0,3.0,0.0,0.0
IGKV1D-37,3.0,3.0,3.0,0.0,0.0
COX7A2P1,3.0,3.0,3.0,0.0,0.0
BMS1P11,3.0,3.0,3.0,0.0,0.0
TRAV13-1,3.0,3.0,3.0,0.0,0.0
HMGA1P4,3.0,3.0,3.0,0.0,0.0
H3F3AP6,3.0,3.0,3.0,0.0,0.0
HSPE1P4,3.0,3.0,3.0,0.0,0.0
CDK2AP2P2,3.0,3.0,3.0,0.0,0.0
FARP1-AS1,3.0,3.0,3.0,0.0,0.0
ZNF560,3.0,3.0,3.0,0.0,0.0
OR7C1,3.0,3.0,3.0,0.0,0.0
FTH1P15,3.0,3.0,3.0,0.0,0.0
POU3F3,2.999999999930151,2.9999999985880423,2.999999992855038,-1.3421086464404652e-09,6.404058616737984e-09
LGALS7,2.999999999735155,3.0000000071431154,2.999999973325074,7.407960467276098e-09,3.011406102260139e-08
LCE2D,2.9999999995933155,3.0000000070362174,3.000000021530989,7.442901850396311e-09,-1.8216222752442945e-08
KRT31,2.9999999992438378,2.99999999952917,3.0000000045886033,2.853322023099736e-10,-5.202099195855681e-09
KRT75,2.999999998961804,2.9999999937390442,3.0000000019436297,-5.222759558165535e-09,-5.593205454346162e-09
PPBP,2.999999998869166,2.9999999969356637,3.0000000083363494,-1.9335022471977936e-09,-1.0433934605202921e-08
SOSTDC1,2.999999998189742,2.9999999974707223,3.0000000087058414,-7.190195105977182e-10,-1.087560930201903e-08
KRT12,2.9999999977415426,2.9999999932454124,2.9999999882572372,-4.496130134867826e-09,7.2362404957004856e-09
IGLV10-54,2.9999999976193066,3.000000001158772,3.000000024781279,3.539465609492254e-09,-2.5392239422217244e-08
LCE4A,2.9999999973721154,3.000000003373767,2.9999999944187294,6.0016516201244485e-09,5.954211790282216e-09
PF4,2.999999997273368,3.000000002124489,3.0000000136221447,4.851120838367251e-09,-1.3923215913536069e-08
NPTX2,2.9999999965508324,3.0000000000118687,2.9999999945740337,3.461036346408264e-09,3.7073171199608623e-09
GJB2,2.9999999960884454,2.999999998504791,2.9999999991901545,2.4163457901238417e-09,-1.8935359946681274e-09
GJB3,2.9999999959021806,2.999999996491828,3.0000000197602357,5.896474419841979e-10,-2.356323136609717e-08
MAGEC1,2.999999995603139,2.999999993926606,3.0000000029154448,-1.676532690453314e-09,-8.1505722171471e-09
IGFL1,2.999999995513426,3.0000000006951852,2.9999999935908304,5.181759021866128e-09,4.51347537122615e-09
SLPI,2.999999995229028,3.0000000022540303,3.0000000061548273,7.025002357607946e-09,-7.413297975489286e-09
SPRR2G,2.9999999951905822,3.0000000038263526,3.000000000329283,8.635770321063774e-09,-8.208154156363889e-10
CARD18,2.999999994961246,2.9999999938448685,3.0000000036973553,-1.1163776569844686e-09,-9.294297775852556e-09
LOR,2.9999999939400586,2.999999997302212,2.9999999970065088,3.3621532224969997e-09,-1.3853735936208977e-09
GAL,2.9999999930385024,3.0000000026160407,2.9999999899579133,9.577538317984136e-09,7.869358054080067e-09
LCE3E,2.9999999924634597,3.0000000028120026,3.000000019976107,1.0348542911486902e-08,-2.2338375593733417e-08
IGHV3-15,2.9999999923340512,3.0000000045848116,3.0000000208940194,1.2250760406118388e-08,-2.2434587965136643e-08
SFRP2,2.9999999919718965,3.000000006366683,2.999999980658855,1.4394786695959283e-08,1.851043496259308e-08
CDSN,2.9999999911871056,2.999999996375568,3.000000002869108,5.188462548488815e-09,-9.087770980187315e-09
TRIM71,2.9999999904846844,2.999999995483614,2.9999999935617265,4.9989297146169065e-09,-5.775775413496831e-10
OLIG2,2.9999999904131984,2.9999999971553484,2.999999988986098,6.742149949445775e-09,4.798175190501297e-09
ITLN2,2.999999990377811,3.0000000051497824,3.0000000051830127,1.4771971201810175e-08,-7.419215908299748e-09
KRT27,2.9999999903603043,3.0000000016509882,3.000000006880321,1.1290683943343538e-08,-1.0874674938321505e-08
SPRR2A,2.999999989836782,3.000000004618307,2.9999999927667824,1.4781524892981679e-08,4.460762426106157e-09
DEFB4B,2.9999999860062525,3.0000000013205192,2.999999988510314,1.531426674361569e-08,5.1530721911774435e-09
KRT6C,2.9999999856310557,3.00000000561386,3.000000000728861,1.9982804300155976e-08,-5.1064028561143004e-09
SPRR2F,2.9999999841301883,2.999999998229486,3.0000000017658155,1.4099297729330829e-08,-1.0585978316157707e-08
SCGB1D2,2.999999983535963,2.999999987425145,2.999999995586341,3.8891818654462895e-09,-1.0105786873992884e-08
LCE5A,2.9999999813945903,2.999999994855244,2.9999999784276987,1.3460653480734663e-08,9.697218139592678e-09
FLRT3,2.999999981338624,2.999999996576425,2.9999999955660948,1.5237800798928447e-08,-6.608570135568925e-09
DEFB103A,2.999999979882652,3.0000000041882533,2.9999999930353267,2.4305601087348805e-08,-9.998739614047736e-10
