,Primary Tumor,Metastasis,Normal Tissue,Metastasis - Primary,Tumor - Normal
LCE2A,3.000000105054248,2.9999999970093523,2.999999995772802,-1.0804489569693487e-07,5.525899826608338e-08
CIDEA,3.0000000657649557,3.000000007265686,2.9999999991185926,-5.84992698726694e-08,3.739672793656723e-08
FGF5,3.000000064520407,2.9999999978172127,2.9999999994576325,-6.670319407930947e-08,3.171117723965722e-08
SERPINB12,3.0000000640036952,3.0000000175732033,2.9999999991117403,-4.643049189567705e-08,4.1676708750770786e-08
KRT1,3.0000000552342194,2.9999999832600546,3.0000000022019364,-7.197416485027475e-08,1.7045200806364846e-08
LGALS7,3.000000051843623,3.000000005275679,3.0000000027208475,-4.656794416746379e-08,2.58388035412338e-08
MAGEA3,3.0000000515021124,2.99999998934091,3.0000000134854288,-6.216120240765122e-08,6.936082375119668e-09
KRT73,3.00000004665436,2.9999999984432364,3.0000000015869386,-4.821112353781132e-08,2.096185980349219e-08
KRT25,3.000000045511991,3.0000000079780964,2.9999999910817365,-3.753389465899204e-08,3.5663306974242914e-08
SPRR2D,3.000000045321817,2.999999992154436,3.000000004148214,-5.316738116434294e-08,1.4589912389340043e-08
KRT77,3.000000042866127,2.9999999877832395,2.99999999787927,-5.508288758448998e-08,1.7445413114103303e-08
KLK11,3.000000042219957,2.999999993233502,2.9999999894531686,-4.8986454892485654e-08,2.8273560825908817e-08
PF4,3.0000000418998147,2.9999999926379077,3.000000000606969,-4.926190699805488e-08,1.6661891866220913e-08
IGKV1D-33,3.000000039269454,2.9999999998811226,3.0000000034013024,-3.938833126326813e-08,1.6173985706302574e-08
PKP1,3.000000037491153,3.0000000058386376,3.0000000002618226,-3.1652515275482074e-08,2.1403072647530053e-08
GJB3,3.000000035855919,3.000000012139436,3.0000000011800694,-2.3716482999702748e-08,2.2817608247294174e-08
KRT2,3.0000000354557628,3.0000000097190345,3.0000000027138594,-2.5736728304082135e-08,1.9873539258696837e-08
CALML5,3.000000035022419,2.999999988512382,3.000000005085607,-4.6510037154945394e-08,6.681793340845843e-09
POF1B,3.000000034493701,3.00000001072584,3.000000008992344,-2.376786056856872e-08,1.3617426297685142e-08
S100A14,3.000000034381325,2.999999995509497,3.0000000063068253,-3.8871827978681495e-08,8.638585846654223e-09
IGHV1-3,3.000000034261537,3.000000007112535,3.000000006945563,-2.714900215750049e-08,1.374147329258335e-08
MIA,3.0000000342261046,2.999999986621654,3.000000006567003,-4.760445060369989e-08,3.856876595875747e-09
FAM83F,3.0000000335276127,3.000000010642586,2.9999999898757155,-2.2885026762509142e-08,3.220938360470882e-08
LCE2D,3.000000033502488,2.9999999813389877,2.9999999930997494,-5.216350018599769e-08,1.432098839515561e-08
KRT6A,3.000000033459011,3.0000000111892415,2.999999997387639,-2.226976958397131e-08,2.49364875415381e-08
DSC3,3.000000033297814,2.9999999966668356,3.000000000314099,-3.663097825068462e-08,1.4668225745140262e-08
CASP14,3.000000033248701,2.9999999797902475,2.999999998621575,-5.345845366377944e-08,7.89789922350792e-09
CALML3,3.0000000328970295,3.0000000024305433,2.9999999960046124,-3.046648622273551e-08,2.1659174009869275e-08
DSC1,3.000000032285849,3.0000000254306944,2.9999999814039753,-6.855154666141061e-09,4.7454296492333015e-08
KRT9,3.000000032147289,3.0000000062560397,2.9999999933920014,-2.5891249144649464e-08,2.580966285137265e-08
LCE2B,3.0000000317224127,2.9999999897403646,2.999999987827941,-4.1982048060162924e-08,2.2903447582933723e-08
CMA1,3.0000000316649675,3.000000006756654,3.000000001277983,-2.490831363388679e-08,1.7932827667266338e-08
KRT74,3.0000000316123425,2.9999999913885653,3.000000005295396,-4.022377719792303e-08,6.205057800912073e-09
SBSN,3.0000000313545265,2.9999999877926307,2.9999999986390953,-4.356189586829373e-08,1.0934483096747272e-08
KRT15,3.0000000303085685,2.999999997783105,3.0000000116706036,-3.252546365573039e-08,2.3752328992543426e-09
KRTAP9-3,3.0000000300821434,3.000000006055933,3.000000001579407,-2.4026210354577415e-08,1.6489631438076913e-08
KDM5D,3.0000000298023224,2.999999994417771,3.000000000968845,-3.538455128904161e-08,1.1141201738951167e-08
PCP4,3.000000026775524,3.0000000053021223,2.999999992669322,-2.1473401723426377e-08,2.336950100101376e-08
IGHV3-72,3.0000000236547635,2.9999999836461546,3.000000002490809,-4.0008608870323314e-08,1.1596501536814685e-09
SULT1E1,3.000000023205454,3.000000004200082,2.9999999936737654,-1.9005371942881766e-08,2.002900245656747e-08
CLDN8,3.000000022506962,3.000000000683227,3.000000010543524,-2.1823735263382105e-08,1.0515708304126292e-09
PDZK1IP1,3.000000022351742,3.0000000108577263,3.000000003382659,-1.1494015517143907e-08,1.3222074990437704e-08
KRT17,3.0000000209144275,2.9999999985405466,3.0000000096494697,-2.237388097015014e-08,7.8017592386459e-11
GSDMA,3.0000000204890966,3.0000000021682354,2.99999999111549,-1.8320861272513866e-08,2.0213176021854906e-08
SPRR2G,3.0000000204153707,3.000000026644365,3.0000000063881287,6.228994209322991e-09,1.7141739139248102e-08
RPTN,3.0000000196302303,3.000000016057298,3.000000000071893,-3.5729321723465546e-09,1.777187108586986e-08
SPRR1A,3.000000019224293,2.999999998157346,2.999999997312027,-2.106694685366506e-08,1.137879257484542e-08
RHBG,3.0000000191406193,2.9999999988610986,3.0000000010524883,-2.0279520729360456e-08,7.94837040629659e-09
MAGEA6,3.000000018452899,3.000000003249627,2.9999999953877134,-1.5203272418773395e-08,1.5463549551952838e-08
CXCL5,3.0000000184081728,2.999999994571565,2.999999995162568,-2.383660779869956e-08,1.1327300875052515e-08
SPRR2B,3.0000000183869986,3.0000000071717094,2.9999999997437485,-1.1215289141830453e-08,1.3035605483935342e-08
UBD,3.0000000173642243,3.000000007440469,2.9999999971107467,-9.923755150964553e-09,1.5291599986255733e-08
UTY,3.000000015065998,3.0000000126899087,2.999999990319853,-2.3760891032509335e-09,2.3558099915277353e-08
LCE3D,3.0000000150621666,2.999999985072944,3.0000000081096903,-2.998922266073123e-08,-8.042134957975122e-09
NLGN4Y,3.000000014901161,2.9999999993157744,2.999999986410255,-1.5585386758942832e-08,2.0698212477299194e-08
KRT6C,3.0000000145295567,3.0000000042087303,2.9999999978107916,-1.032082641572174e-08,1.1558352053242515e-08
KRT35,3.0000000143625747,2.99999999710811,3.0000000081578038,-1.7254464523830393e-08,-2.422461342632687e-09
CCL19,3.0000000140225054,3.000000000593631,2.9999999912169315,-1.3428874456877793e-08,1.6091136423312946e-08
KRT78,3.0000000139198044,2.9999999920924516,2.999999992160849,-2.1827352814085543e-08,1.084527889716469e-08
LCE5A,3.0000000127607223,3.00000000197966,3.0000000050982973,-1.0781062265152741e-08,2.271893784211443e-09
COL17A1,3.000000012233253,3.000000014554198,3.000000000541794,2.320944769707012e-09,1.2851931074919776e-08
AQP5,3.0000000117118666,3.000000001087684,2.999999999610225,-1.0624182422702688e-08,6.789550255348331e-09
TYRP1,3.0000000117009527,2.9999999969571873,2.999999999514014,-1.4743765319735758e-08,4.815055909546118e-09
SOX10,3.0000000091580055,2.9999999891907803,3.000000007590087,-1.9967225206585226e-08,-8.415693919516798e-09
CXCL13,3.000000008767529,3.0000000015825923,2.999999997457392,-7.184936645643347e-09,7.717668282225532e-09
KRTAP3-2,3.000000008721448,2.999999995407587,3.0000000054111475,-1.3313861124686355e-08,-3.3466300841666907e-09
FGFBP1,3.00000000721775,2.999999987714414,2.999999997623716,-1.950333583522479e-08,-1.5763390592837823e-10
C1orf68,3.00000000721775,3.0000000084749257,2.9999999984351917,1.257175696878221e-09,9.411146084659094e-09
KRT34,3.0000000068484938,2.9999999846652954,3.0000000021694326,-2.218319838931393e-08,-6.412538056110861e-09
SFN,3.000000006713151,2.9999999961577952,3.0000000083409413,-1.0555355700603286e-08,-6.905468197260234e-09
SPINK5,3.000000006208817,2.999999994030719,3.0000000062551586,-1.2178098085513511e-08,-6.1353904179384244e-09
CDSN,3.000000006196332,2.999999999918373,3.0000000032760976,-6.277959041511849e-09,-2.1874502209584534e-10
CCL18,3.0000000053914846,3.0000000008010685,2.999999999378982,-4.5904160472787225e-09,3.7172944722385637e-09
DCD,3.0000000052437894,2.999999996685338,2.9999999992366786,-8.558451281004409e-09,1.727884946234326e-09
GRHL2,3.000000004967054,3.000000009751495,2.9999999983278527,4.784441287597474e-09,9.03142183261707e-09
LY6G6C,3.000000004967054,2.9999999949240923,3.000000001739014,-1.0042961573475395e-08,-1.7934405072139725e-09
USP9Y,3.000000004967054,2.99999999494164,2.9999999907259203,-1.002541383243738e-08,9.228426467444706e-09
KRT23,3.0000000048934417,3.0000000007050547,3.0000000022489774,-4.188386970582769e-09,5.502704958360027e-10
APOC2,3.000000004677228,2.999999999283104,3.0000000028025067,-5.3941238142840575e-09,-8.22340417983014e-10
KRT75,3.0000000044461976,3.000000000807375,3.0000000030782017,-3.638822576590428e-09,-4.514153495449591e-10
IVL,3.0000000032211616,2.999999994836182,3.000000006357352,-8.384979377495938e-09,-7.328679885176825e-09
GPR143,3.000000002173086,3.0000000177603092,3.0000000030378926,1.5587223067825562e-08,6.928805085237855e-09
DAPL1,3.0000000009373857,3.000000005340457,3.0000000049023408,4.4030712409437456e-09,-1.7634196325388984e-09
SERPINB7,3.000000000406241,2.999999986503919,3.0000000039483403,-1.3902321960301833e-08,-1.0493260482746791e-08
TPSAB1,3.000000000340757,2.9999999987108716,2.9999999963946125,-1.6298855598506634e-09,3.1312019643792155e-09
LCE2C,3.0000000000918874,3.0000000050186135,2.999999999645142,4.9267261381658045e-09,2.910108154452473e-09
GJB1,3.0000000000582077,3.000000002008075,2.9999999967925373,1.9498673786699783e-09,4.240604312144569e-09
RNU2-27P,3.0,3.0,3.0,0.0,0.0
IGHV3-66,3.0,3.0,3.0,0.0,0.0
LINC01214,3.0,3.0,3.0,0.0,0.0
LYPD6B,3.0,3.0,3.0,0.0,0.0
SNORA65,3.0,3.0,3.0,0.0,0.0
TBC1D3C,3.0,3.0,3.0,0.0,0.0
RP5-1021I20.8,3.0,3.0,3.0,0.0,0.0
RN7SKP287,3.0,3.0,3.0,0.0,0.0
RPL23AP47,3.0,3.0,3.0,0.0,0.0
CST2,3.0,3.0,3.0,0.0,0.0
CTD-2380F24.1,3.0,3.0,3.0,0.0,0.0
AC018738.2,3.0,3.0,3.0,0.0,0.0
CTD-2325P2.4,3.0,3.0,3.0,0.0,0.0
RP11-70C1.3,3.0,3.0,3.0,0.0,0.0
AC137695.1,3.0,3.0,3.0,0.0,0.0
HOXD13,3.0,3.0,3.0,0.0,0.0
IGKV1-12,3.0,3.0,3.0,0.0,0.0
NPPA-AS1_2,3.0,3.0,3.0,0.0,0.0
LINC01527,3.0,3.0,3.0,0.0,0.0
RP1-124C6.1,3.0,3.0,3.0,0.0,0.0
AC007193.6,3.0,3.0,3.0,0.0,0.0
FTX_3,3.0,3.0,3.0,0.0,0.0
RP11-400N13.3,3.0,3.0,3.0,0.0,0.0
RP11-351I24.3,3.0,3.0,3.0,0.0,0.0
CTC-327F10.5,3.0,3.0,3.0,0.0,0.0
TIMM8AP1,3.0,3.0,3.0,0.0,0.0
NTF4,3.0,3.0,3.0,0.0,0.0
RPL23AP21,3.0,3.0,3.0,0.0,0.0
LINC00681,3.0,3.0,3.0,0.0,0.0
PRSS8,3.0,3.0,3.0,0.0,0.0
PRR9,3.0,3.0,3.0,0.0,0.0
RP11-109P14.10,3.0,3.0,3.0,0.0,0.0
RP11-442J21.2,3.0,3.0,3.0,0.0,0.0
CYP2C18,3.0,3.0,3.0,0.0,0.0
XIST,3.0,3.0,3.0,0.0,0.0
PNLIP,3.0,2.9999999987673673,2.9999999971783717,-1.2326326626066475e-09,2.205311933067833e-09
RP11-34P13.16,3.0,3.0,3.0,0.0,0.0
TPSD1,3.0,3.0,3.0,0.0,0.0
PLA1A,3.0,3.0,3.0,0.0,0.0
PAPD7,3.0,3.0,3.0,0.0,0.0
PRKY,3.0,3.0,3.0,0.0,0.0
TGIF2-C20orf24,3.0,3.0,3.0,0.0,0.0
IGLC3,3.0,3.0,3.0,0.0,0.0
EPN3,3.0,3.0,3.0,0.0,0.0
SNORA8,3.0,3.0,3.0,0.0,0.0
RP11-388M20.2,3.0,3.0,3.0,0.0,0.0
HOXA11-AS1_5,3.0,3.0,3.0,0.0,0.0
CPA1,3.0,3.0,3.0,0.0,0.0
CLDN10,3.0,3.0,3.0,0.0,0.0
NCCRP1,3.0,3.0,3.0,0.0,0.0
WI2-85898F10.1,3.0,3.0,3.0,0.0,0.0
IFNWP19,3.0,3.0,3.0,0.0,0.0
AC091729.7,3.0,3.0,3.0,0.0,0.0
FOXQ1,3.0,3.0,3.0,0.0,0.0
FAM95C,3.0,3.0,3.0,0.0,0.0
C6orf15,3.0,3.0,3.0,0.0,0.0
RP11-824M15.3,3.0,3.0,3.0,0.0,0.0
RP3-416H24.1,3.0,3.0,3.0,0.0,0.0
HLA-DQB2,3.0,3.0,3.0,0.0,0.0
CTC-250I14.3,3.0,3.0,3.0,0.0,0.0
CD207,3.0,3.0,3.0,0.0,0.0
TRBV9,3.0,3.0,3.0,0.0,0.0
CTSG,3.0,3.0,3.0,0.0,0.0
RP3-339A18.6,3.0,3.0,3.0,0.0,0.0
DLEU1_1,3.0,3.0,3.0,0.0,0.0
TRBV29-1,3.0,3.0,3.0,0.0,0.0
SLC6A14,3.0,3.0,3.0,0.0,0.0
LINC01317,3.0,3.0,3.0,0.0,0.0
RP4-718J7.4,3.0,3.0,3.0,0.0,0.0
RP11-365O16.1,3.0,3.0,3.0,0.0,0.0
CTD-2510F5.6,3.0,3.0,3.0,0.0,0.0
RP4-798A17.5,3.0,3.0,3.0,0.0,0.0
CCDC64B,3.0,3.0,3.0,0.0,0.0
RP11-599B13.6,3.0,3.0,3.0,0.0,0.0
HLA-DRB6,3.0,3.0,3.0,0.0,0.0
ARSF,3.0,3.0,3.0,0.0,0.0
AC100830.5,3.0,3.0,3.0,0.0,0.0
LA16c-360H6.2,3.0,3.0,3.0,0.0,0.0
AC009133.22,3.0,3.0,3.0,0.0,0.0
IGKV1-39,3.0,3.0,3.0,0.0,0.0
RP11-498C9.2,3.0,3.0,3.0,0.0,0.0
HSPB1P1,3.0,3.0,3.0,0.0,0.0
SLC45A2,3.0,3.0,3.0,0.0,0.0
HIST1H1PS1,3.0,3.0,3.0,0.0,0.0
RP11-521D12.5,3.0,3.0,3.0,0.0,0.0
CTB-60B18.18,3.0,3.0,3.0,0.0,0.0
RP11-500M8.7,3.0,3.0,3.0,0.0,0.0
FAM27B,3.0,3.0,3.0,0.0,0.0
TMSB4XP2,3.0,3.0,3.0,0.0,0.0
HMGN1P36,3.0,3.0,3.0,0.0,0.0
AL132780.1,3.0,3.0,3.0,0.0,0.0
DLX3,3.0,3.0,3.0,0.0,0.0
XAGE1B,3.0,3.0,3.0,0.0,0.0
RP11-2B6.3,3.0,3.0,3.0,0.0,0.0
IGLV1-36,3.0,3.0,3.0,0.0,0.0
MT1P3,3.0,3.0,3.0,0.0,0.0
IGKV3D-20,3.0,3.0,3.0,0.0,0.0
IGLV5-45,3.0,3.0,3.0,0.0,0.0
ATP13A5,3.0,3.0,3.0,0.0,0.0
PLA2G4E-AS1,3.0,3.0,3.0,0.0,0.0
IGLC1,3.0,3.0,3.0,0.0,0.0
DUOXA1,3.0,3.0,3.0,0.0,0.0
RP11-977G19.10,3.0,3.0,3.0,0.0,0.0
SLCO4A1-AS1,3.0,3.0,3.0,0.0,0.0
IGHV3-74,3.0,3.0,3.0,0.0,0.0
LRRC26,3.0,3.0,3.0,0.0,0.0
SRY,3.0,3.0,3.0,0.0,0.0
TNS4,3.0,3.0,3.0,0.0,0.0
TRBV7-9,3.0,3.0,3.0,0.0,0.0
DAZ1,3.0,3.0,3.0,0.0,0.0
RN7SL12P,3.0,3.0,3.0,0.0,0.0
RP11-408H20.3,3.0,3.0,3.0,0.0,0.0
AC003092.1,3.0,3.0,3.0,0.0,0.0
AC007000.11,3.0,3.0,3.0,0.0,0.0
CELA3B,3.0,2.9999999995717173,3.0000000021551267,-4.2828274260386934e-10,-2.3692683370768464e-09
AC025048.1,3.0,3.0,3.0,0.0,0.0
KRTAP2-1,3.0,3.0,3.0,0.0,0.0
RPL23AP60,3.0,3.0,3.0,0.0,0.0
IGLV9-49,3.0,3.0,3.0,0.0,0.0
PHF2P2,3.0,3.0,3.0,0.0,0.0
IGLV3-27,3.0,3.0,3.0,0.0,0.0
RP11-63M22.2,3.0,3.0,3.0,0.0,0.0
KRTAP1-1,3.0,3.0,3.0,0.0,0.0
RP11-486L19.2,3.0,3.0,3.0,0.0,0.0
RP1-159A19.3,3.0,3.0,3.0,0.0,0.0
AC005363.9,3.0,3.0,3.0,0.0,0.0
FABP7,3.0,3.0,3.0,0.0,0.0
CTA-398F10.2,3.0,3.0,3.0,0.0,0.0
RNU11,3.0,3.0,3.0,0.0,0.0
RP11-265N6.1,3.0,3.0,3.0,0.0,0.0
LRIT2,3.0,3.0,3.0,0.0,0.0
KRT42P,3.0,3.0,3.0,0.0,0.0
PNPLA1,3.0,3.0,3.0,0.0,0.0
AC104534.3,3.0,3.0,3.0,0.0,0.0
RP4-545L17.11,3.0,3.0,3.0,0.0,0.0
RP11-434D2.11,3.0,3.0,3.0,0.0,0.0
AC016629.7,3.0,3.0,3.0,0.0,0.0
SLC2A3P1,3.0,3.0,3.0,0.0,0.0
RAET1L,3.0,3.0,3.0,0.0,0.0
EDN2,3.0,3.0,3.0,0.0,0.0
RP11-1143G9.4,3.0,3.0,3.0,0.0,0.0
RP11-374M1.11,3.0,3.0,3.0,0.0,0.0
CTB-151G24.1,3.0,3.0,3.0,0.0,0.0
RSC1A1,3.0,3.0,3.0,0.0,0.0
GDPD2,3.0,3.0,3.0,0.0,0.0
RP11-723O4.7,3.0,3.0,3.0,0.0,0.0
AL928768.3,3.0,3.0,3.0,0.0,0.0
KB-1991G8.1,3.0,3.0,3.0,0.0,0.0
CDH12P2,3.0,3.0,3.0,0.0,0.0
ABCA12,3.0,3.0,3.0,0.0,0.0
RP11-73M18.2,3.0,3.0,3.0,0.0,0.0
RP11-529K1.3,3.0,3.0,3.0,0.0,0.0
SPINK7,3.0,3.0,3.0,0.0,0.0
RP11-529E10.7,3.0,3.0,3.0,0.0,0.0
CYP2W1,3.0,3.0,3.0,0.0,0.0
IGLV3-9,3.0,3.0,3.0,0.0,0.0
FRG2DP,3.0,3.0,3.0,0.0,0.0
RP11-841O20.2,3.0,3.0,3.0,0.0,0.0
AC072052.7,3.0,3.0,3.0,0.0,0.0
KRTAP2-2,3.0,3.0,3.0,0.0,0.0
DEFB109P3,3.0,3.0,3.0,0.0,0.0
SNORA74A,3.0,3.0,3.0,0.0,0.0
AP000439.3,3.0,3.0,3.0,0.0,0.0
AZGP1P1,3.0,3.0,3.0,0.0,0.0
FETUB,3.0,3.0,3.0,0.0,0.0
WNT7B,3.0,3.0,3.0,0.0,0.0
LINC00958,3.0,3.0,3.0,0.0,0.0
RP11-229E13.4,3.0,3.0,3.0,0.0,0.0
TFAP2B,3.0,3.0,3.0,0.0,0.0
AC104451.2,3.0,3.0,3.0,0.0,0.0
SNORA4,3.0,3.0,3.0,0.0,0.0
KRTAP1-3,3.0,3.0,3.0,0.0,0.0
FOXI1,3.0,3.0,3.0,0.0,0.0
NLRP10,3.0,3.0,3.0,0.0,0.0
SNORA5A,3.0,3.0,3.0,0.0,0.0
CTD-2527I21.4,3.0,3.0,3.0,0.0,0.0
IL20RA,3.0,3.0,3.0,0.0,0.0
AC107983.4,3.0,3.0,3.0,0.0,0.0
RP4-529N6.1,3.0,3.0,3.0,0.0,0.0
PRM1,3.0,3.0,3.0,0.0,0.0
BARX2,3.0,3.0,3.0,0.0,0.0
HOXA11-AS1_6,3.0,3.0,3.0,0.0,0.0
TP53AIP1,3.0,3.0,3.0,0.0,0.0
RP11-6N17.6,3.0,3.0,3.0,0.0,0.0
IGHG1,3.0,3.0,3.0,0.0,0.0
IGKV3D-15,3.0,3.0,3.0,0.0,0.0
KRTAP2-3,3.0,3.0,3.0,0.0,0.0
STK19B,3.0,3.0,3.0,0.0,0.0
RP3-425C14.6,3.0,3.0,3.0,0.0,0.0
ASPG,3.0,3.0,3.0,0.0,0.0
OR2I1P,3.0,3.0,3.0,0.0,0.0
RP4-568C11.4,3.0,3.0,3.0,0.0,0.0
LINC00518,3.0,3.0,3.0,0.0,0.0
RBBP8NL,3.0,3.0,3.0,0.0,0.0
CXCL6,3.0,3.0,3.0,0.0,0.0
CH17-224D4.1,3.0,3.0,3.0,0.0,0.0
RP11-44F21.5,3.0,3.0,3.0,0.0,0.0
RP11-745A24.1,3.0,3.0,3.0,0.0,0.0
KRTAP4-9,3.0,3.0,3.0,0.0,0.0
HOPX,3.0,3.0,3.0,0.0,0.0
RP11-481J2.2,3.0,3.0,3.0,0.0,0.0
IGHV1-58,3.0,3.0,3.0,0.0,0.0
RP11-524H19.2,3.0,3.0,3.0,0.0,0.0
RP11-576C2.1,3.0,3.0,3.0,0.0,0.0
TCEB1P21,3.0,3.0,3.0,0.0,0.0
NEU2,3.0,3.0,3.0,0.0,0.0
RNF223,3.0,3.0,3.0,0.0,0.0
CH507-42P11.2,3.0,3.0,3.0,0.0,0.0
IGKV3D-11,3.0,3.0,3.0,0.0,0.0
NELL1,3.0,3.0,3.0,0.0,0.0
APOC1P1,3.0,3.0,3.0,0.0,0.0
SLC6A11,3.0,3.0,3.0,0.0,0.0
HELT,3.0,3.0,3.0,0.0,0.0
RP11-618G20.1,3.0,3.0,3.0,0.0,0.0
CTD-2544N14.3,3.0,3.0,3.0,0.0,0.0
RP5-1056H1.2,3.0,3.0,3.0,0.0,0.0
CTB-79E8.2,3.0,3.0,3.0,0.0,0.0
AC079753.5,3.0,3.0,3.0,0.0,0.0
FABP9,3.0,3.0,3.0,0.0,0.0
TRBV10-3,3.0,3.0,3.0,0.0,0.0
RP11-221N13.3,3.0,3.0,3.0,0.0,0.0
RNASE7,3.0,3.0,3.0,0.0,0.0
RP11-379F4.6,3.0,3.0,3.0,0.0,0.0
CTD-2510F5.4,3.0,3.0,3.0,0.0,0.0
SMAD5-AS1_1,3.0,3.0,3.0,0.0,0.0
ADIPOQ,3.0,3.0,3.0,0.0,0.0
RP1-59D14.1,3.0,3.0,3.0,0.0,0.0
RP11-532F12.5,3.0,3.0,3.0,0.0,0.0
MAL2,3.0,3.0,3.0,0.0,0.0
CTD-2396E7.9,3.0,3.0,3.0,0.0,0.0
RP11-380M21.2,3.0,3.0,3.0,0.0,0.0
AC073850.6,3.0,3.0,3.0,0.0,0.0
AC145110.1,3.0,3.0,3.0,0.0,0.0
PI4K2B,3.0,3.0,3.0,0.0,0.0
RP11-469H8.6,3.0,3.0,3.0,0.0,0.0
CTD-2008P7.9,3.0,3.0,3.0,0.0,0.0
PHGR1,3.0,3.0,3.0,0.0,0.0
IGHG2,3.0,3.0,3.0,0.0,0.0
RP11-64D22.1,3.0,3.0,3.0,0.0,0.0
RP11-265D17.2,3.0,3.0,3.0,0.0,0.0
RP1-170O19.23,3.0,3.0,3.0,0.0,0.0
RN7SL67P,3.0,3.0,3.0,0.0,0.0
RP11-439C8.2,3.0,3.0,3.0,0.0,0.0
C6orf25,3.0,3.0,3.0,0.0,0.0
CH17-232I21.1,3.0,3.0,3.0,0.0,0.0
AC010967.2,3.0,3.0,3.0,0.0,0.0
AF129408.17,3.0,3.0,3.0,0.0,0.0
RP5-882O7.1,3.0,3.0,3.0,0.0,0.0
APOC3,3.0,3.0,3.0,0.0,0.0
BIVM-ERCC5,3.0,3.0,3.0,0.0,0.0
HLA-DQB1-AS1,3.0,3.0,3.0,0.0,0.0
BNIPL,3.0,3.0,3.0,0.0,0.0
RP11-392E22.10,3.0,3.0,3.0,0.0,0.0
RP11-119J18.1,3.0,3.0,3.0,0.0,0.0
AL139288.1,3.0,3.0,3.0,0.0,0.0
RP11-561O23.8,3.0,3.0,3.0,0.0,0.0
RP4-549L20.3,3.0,3.0,3.0,0.0,0.0
RP11-315A16.1,3.0,3.0,3.0,0.0,0.0
BCAP31P1,3.0,3.0,3.0,0.0,0.0
LINC01212,3.0,3.0,3.0,0.0,0.0
AC002075.4,3.0,3.0,3.0,0.0,0.0
IMMP1LP1,3.0,3.0,3.0,0.0,0.0
HAL,3.0,3.0,3.0,0.0,0.0
CALN1,3.0,3.0,3.0,0.0,0.0
KRTAP9-8,3.0,3.0,3.0,0.0,0.0
LINC01229,3.0,3.0,3.0,0.0,0.0
AC084117.3,3.0,3.0,3.0,0.0,0.0
AC129492.6,3.0,3.0,3.0,0.0,0.0
PRAC2,3.0,3.0,3.0,0.0,0.0
RP11-401O9.4,3.0,3.0,3.0,0.0,0.0
GYLTL1B,3.0,3.0,3.0,0.0,0.0
DNASE2B,3.0,3.0,3.0,0.0,0.0
DPH3P1,3.0,3.0,3.0,0.0,0.0
TMEM45B,3.0,3.0,3.0,0.0,0.0
RP11-1070A24.2,3.0,3.0,3.0,0.0,0.0
AP000936.1,3.0,3.0,3.0,0.0,0.0
ZFY,3.0,3.0,3.0,0.0,0.0
ROPN1,3.0,3.0,3.0,0.0,0.0
RP11-455O6.8,3.0,3.0,3.0,0.0,0.0
TRAV19,3.0,3.0,3.0,0.0,0.0
AC005606.14,3.0,3.0,3.0,0.0,0.0
CTB-102L5.4,3.0,3.0,3.0,0.0,0.0
GRHL3,3.0,3.0,3.0,0.0,0.0
RP11-359E7.3,3.0,3.0,3.0,0.0,0.0
RP1-193H18.3,3.0,3.0,3.0,0.0,0.0
RP11-323N12.5,3.0,3.0,3.0,0.0,0.0
LINC00578,3.0,3.0,3.0,0.0,0.0
DNAJC19P9,3.0,3.0,3.0,0.0,0.0
FAM153B,3.0,3.0,3.0,0.0,0.0
RP1-149A16.16,3.0,3.0,3.0,0.0,0.0
CRABP1,3.0,3.0,3.0,0.0,0.0
MLLT10P1,3.0,3.0,3.0,0.0,0.0
LINC00221,3.0,3.0,3.0,0.0,0.0
TMEM184A,3.0,3.0,3.0,0.0,0.0
SRP9P1,3.0,3.0,3.0,0.0,0.0
CRNN,3.0,3.0,3.0,0.0,0.0
RP11-254F7.3,3.0,3.0,3.0,0.0,0.0
S100B,3.0,3.0,3.0,0.0,0.0
RP11-259O2.1,3.0,3.0,3.0,0.0,0.0
U4,3.0,3.0,3.0,0.0,0.0
ELFN1-AS1,3.0,3.0,3.0,0.0,0.0
EPPK1,3.0,3.0,3.0,0.0,0.0
AC079767.4,3.0,3.0,3.0,0.0,0.0
RP11-527D7.1,3.0,3.0,3.0,0.0,0.0
RP11-196H14.3,3.0,3.0,3.0,0.0,0.0
DKFZp434J0226,3.0,3.0,3.0,0.0,0.0
HCAR3,3.0,3.0,3.0,0.0,0.0
RN7SL663P,3.0,3.0,3.0,0.0,0.0
LINC00885,3.0,3.0,3.0,0.0,0.0
COX6CP1,3.0,3.0,3.0,0.0,0.0
RN7SL657P,3.0,3.0,3.0,0.0,0.0
TBC1D3D,3.0,3.0,3.0,0.0,0.0
RP11-77H9.5,3.0,3.0,3.0,0.0,0.0
KLC3,3.0,3.0,3.0,0.0,0.0
RP11-463D19.2,3.0,3.0,3.0,0.0,0.0
AWAT2,3.0,3.0,3.0,0.0,0.0
RP11-538I12.2,3.0,3.0,3.0,0.0,0.0
EIF5AP4,3.0,3.0,3.0,0.0,0.0
RP11-104E19.1,3.0,3.0,3.0,0.0,0.0
GP2,3.0,3.0,3.0,0.0,0.0
SNORA45B,3.0,3.0,3.0,0.0,0.0
AC132008.1,3.0,3.0,3.0,0.0,0.0
SLC46A2,3.0,3.0,3.0,0.0,0.0
SULT2B1,3.0,3.0,3.0,0.0,0.0
SNORD17,3.0,3.0,3.0,0.0,0.0
TRBV6-5,3.0,3.0,3.0,0.0,0.0
IGFL1,3.0,3.0,3.0,0.0,0.0
CTD-2626G11.2,3.0,3.0,3.0,0.0,0.0
RP11-689K5.3,3.0,3.0,3.0,0.0,0.0
DLEU1_2,3.0,3.0,3.0,0.0,0.0
IGHV2-70,3.0,3.0,3.0,0.0,0.0
MAGEC1,3.0,3.0,3.0,0.0,0.0
RP11-256L6.3,3.0,3.0,3.0,0.0,0.0
CKMT1A,3.0,3.0,3.0,0.0,0.0
RP11-867G23.4,3.0,3.0,3.0,0.0,0.0
TRAV21,3.0,3.0,3.0,0.0,0.0
AC079776.2,3.0,3.0,3.0,0.0,0.0
CTD-2026K11.1,3.0,3.0,3.0,0.0,0.0
IGLV2-18,3.0,3.0,3.0,0.0,0.0
RP11-58O9.2,3.0,3.0,3.0,0.0,0.0
AC068580.5,3.0,3.0,3.0,0.0,0.0
SEPT14P8,3.0,3.0,3.0,0.0,0.0
TOP1P1,3.0,3.0,3.0,0.0,0.0
RP11-373D23.2,3.0,3.0,3.0,0.0,0.0
CAMSAP3,3.0,3.0,3.0,0.0,0.0
AC093850.2,3.0,3.0,3.0,0.0,0.0
SUMO2P1,3.0,3.0,3.0,0.0,0.0
HMGN1P18,3.0,3.0,3.0,0.0,0.0
RP11-579D7.2,3.0,3.0,3.0,0.0,0.0
RERGL,3.0,3.0,3.0,0.0,0.0
MIR671,3.0,3.0,3.0,0.0,0.0
UGT3A2,3.0,3.0,3.0,0.0,0.0
IGKV1D-16,3.0,3.0,3.0,0.0,0.0
RP11-467L13.4,3.0,3.0,3.0,0.0,0.0
PRM2,3.0,3.0,3.0,0.0,0.0
TMSB4XP1,3.0,3.0,3.0,0.0,0.0
RP11-475I24.1,3.0,3.0,3.0,0.0,0.0
CTB-59C6.3,3.0,3.0,3.0,0.0,0.0
RP11-2N1.2,3.0,3.0,3.0,0.0,0.0
TNNT2,3.0,3.0,3.0,0.0,0.0
TTTY15,3.0,3.0,3.0,0.0,0.0
TRBV20-1,3.0,3.0,3.0,0.0,0.0
AC006116.20,3.0,3.0,3.0,0.0,0.0
MYL7,3.0,3.0,3.0,0.0,0.0
RNU1-123P,3.0,3.0,3.0,0.0,0.0
RPL23AP24,3.0,3.0,3.0,0.0,0.0
CTC-321K16.1,3.0,3.0,3.0,0.0,0.0
SMIM22,3.0,3.0,3.0,0.0,0.0
IGHV3-13,3.0,3.0,3.0,0.0,0.0
FOXCUT,3.0,3.0,3.0,0.0,0.0
AC055736.4,3.0,3.0,3.0,0.0,0.0
PSG5,3.0,3.0,3.0,0.0,0.0
MIR31HG,3.0,3.0,3.0,0.0,0.0
AC068587.2,3.0,3.0,3.0,0.0,0.0
SLC25A48,3.0,3.0,3.0,0.0,0.0
EPHX3,3.0,3.0,3.0,0.0,0.0
ANKRD20A19P,3.0,3.0,3.0,0.0,0.0
LUZP6,3.0,3.0,3.0,0.0,0.0
TMPRSS11F,3.0,3.0,3.0,0.0,0.0
RP11-464C19.3,3.0,3.0,3.0,0.0,0.0
RP11-521B24.5,3.0,3.0,3.0,0.0,0.0
RP11-972P1.10,3.0,3.0,3.0,0.0,0.0
LINC01474,3.0,3.0,3.0,0.0,0.0
ITIH6,3.0,3.0,3.0,0.0,0.0
AC002398.12,3.0,3.0,3.0,0.0,0.0
TRBV27,3.0,3.0,3.0,0.0,0.0
RP11-498C9.13,3.0,3.0,3.0,0.0,0.0
AL590762.10,3.0,3.0,3.0,0.0,0.0
RPS20P10,3.0,3.0,3.0,0.0,0.0
RP11-392E22.5,3.0,3.0,3.0,0.0,0.0
RP6-65G23.5,3.0,3.0,3.0,0.0,0.0
NAV2-AS1,3.0,3.0,3.0,0.0,0.0
RP11-259G18.3,3.0,3.0,3.0,0.0,0.0
TRBV12-3,3.0,3.0,3.0,0.0,0.0
RP11-206L10.5,3.0,3.0,3.0,0.0,0.0
RN7SL417P,3.0,3.0,3.0,0.0,0.0
CD1A,3.0,3.0,3.0,0.0,0.0
AADAC,3.0,3.0,3.0,0.0,0.0
AC093159.1,3.0,3.0,3.0,0.0,0.0
RP11-293I14.2,3.0,3.0,3.0,0.0,0.0
RP11-30J20.1,3.0,3.0,3.0,0.0,0.0
TRAV13-1,3.0,3.0,3.0,0.0,0.0
RP11-473M20.5,3.0,3.0,3.0,0.0,0.0
AC131097.4,3.0,3.0,3.0,0.0,0.0
TBCAP1,3.0,3.0,3.0,0.0,0.0
HIGD1AP11,3.0,3.0,3.0,0.0,0.0
FAM153C,3.0,3.0,3.0,0.0,0.0
RP11-506F3.1,3.0,3.0,3.0,0.0,0.0
AC008746.5,3.0,3.0,3.0,0.0,0.0
AC114730.7,3.0,3.0,3.0,0.0,0.0
RP11-100E5.2,3.0,3.0,3.0,0.0,0.0
RN7SL81P,3.0,3.0,3.0,0.0,0.0
RP11-616M22.5,3.0,3.0,3.0,0.0,0.0
BTBD16,3.0,3.0,3.0,0.0,0.0
RP11-669N7.2,3.0,3.0,3.0,0.0,0.0
RP11-100E13.1,3.0,3.0,3.0,0.0,0.0
RP11-369C8.1,3.0,3.0,3.0,0.0,0.0
RP11-234G16.4,3.0,3.0,3.0,0.0,0.0
LA16c-316G12.2,3.0,3.0,3.0,0.0,0.0
TRAV12-2,3.0,3.0,3.0,0.0,0.0
CYP4F26P,3.0,3.0,3.0,0.0,0.0
IGFL1P1,3.0,3.0,3.0,0.0,0.0
IGHV4-28,3.0,3.0,3.0,0.0,0.0
SOX21-AS1,3.0,3.0,3.0,0.0,0.0
PRDM7,3.0,3.0,3.0,0.0,0.0
RP4-548D19.3,3.0,3.0,3.0,0.0,0.0
TMEM125,3.0,3.0,3.0,0.0,0.0
KLK10,3.0,3.0,3.0,0.0,0.0
IGKV6-21,3.0,3.0,3.0,0.0,0.0
BBOX1,3.0,3.0,3.0,0.0,0.0
RP11-14C10.3,3.0,3.0,3.0,0.0,0.0
AL109927.1,3.0,3.0,3.0,0.0,0.0
SCEL,3.0,3.0,3.0,0.0,0.0
GPRIN2,3.0,3.0,3.0,0.0,0.0
IGHV1-24,3.0,3.0,3.0,0.0,0.0
FDCSP,3.0,3.0,3.0,0.0,0.0
ADGRF4,3.0,3.0,3.0,0.0,0.0
SPTSSB,3.0,3.0,3.0,0.0,0.0
THEM5,3.0,3.0,3.0,0.0,0.0
GPR87,3.0,3.0,3.0,0.0,0.0
RP11-334J6.7,3.0,3.0,3.0,0.0,0.0
IGKV1-6,3.0,3.0,3.0,0.0,0.0
RNU4-1,3.0,3.0,3.0,0.0,0.0
UPF3BP1,3.0,3.0,3.0,0.0,0.0
IGLV6-57,3.0,3.0,3.0,0.0,0.0
IGKV4-1,3.0,3.0,3.0,0.0,0.0
RP4-631H13.6,3.0,3.0,3.0,0.0,0.0
GSTA3,3.0,3.0,3.0,0.0,0.0
CH17-360D5.2,3.0,3.0,3.0,0.0,0.0
LLNLR-284B4.1,3.0,3.0,3.0,0.0,0.0
IGLV4-69,3.0,3.0,3.0,0.0,0.0
MAGEA12,3.0,3.0,3.0,0.0,0.0
SOX21,3.0,3.0,3.0,0.0,0.0
SLC15A1,3.0,3.0,3.0,0.0,0.0
UBE2SP2,3.0,3.0,3.0,0.0,0.0
SDR16C5,3.0,3.0,3.0,0.0,0.0
AC055736.3,3.0,3.0,3.0,0.0,0.0
SNORA61,3.0,3.0,3.0,0.0,0.0
RP11-498E2.9,3.0,3.0,3.0,0.0,0.0
WFDC12,3.0,3.0,3.0,0.0,0.0
TP53TG1_2,3.0,3.0,3.0,0.0,0.0
CPN1,3.0,3.0,3.0,0.0,0.0
IGLV1-44,3.0,3.0,3.0,0.0,0.0
CCL27,3.0,3.0,3.0,0.0,0.0
IGKV1-27,3.0,3.0,3.0,0.0,0.0
IL36G,3.0,3.0,3.0,0.0,0.0
RP11-462G2.1,3.0,3.0,3.0,0.0,0.0
IGHV4-34,3.0,3.0,3.0,0.0,0.0
DLEU2_6,3.0,3.0,3.0,0.0,0.0
RP3-523K23.2,3.0,3.0,3.0,0.0,0.0
AL603831.1,3.0,3.0,3.0,0.0,0.0
PIGY,3.0,3.0,3.0,0.0,0.0
CA6,3.0,3.0,3.0,0.0,0.0
IGKV1-5,3.0,3.0,3.0,0.0,0.0
SYT8,3.0,3.0,3.0,0.0,0.0
ANXA8L1,3.0,3.0,3.0,0.0,0.0
AC005943.6,3.0,3.0,3.0,0.0,0.0
RP11-290L1.3,3.0,3.0,3.0,0.0,0.0
IGLV2-14,3.0,3.0,3.0,0.0,0.0
RP11-258C19.4,3.0,3.0,3.0,0.0,0.0
RP11-345J4.6,3.0,3.0,3.0,0.0,0.0
IGHV1-69,3.0,3.0,3.0,0.0,0.0
PRAME,3.0,3.0,3.0,0.0,0.0
AC009065.4,3.0,3.0,3.0,0.0,0.0
IGHV4-61,3.0,3.0,3.0,0.0,0.0
TGM5,3.0,3.0,3.0,0.0,0.0
CTD-2647L4.5,3.0,3.0,3.0,0.0,0.0
SNORA59A,3.0,3.0,3.0,0.0,0.0
AC239868.2,3.0,3.0,3.0,0.0,0.0
AC239868.3,3.0,3.0,3.0,0.0,0.0
FAM83B,3.0,3.0,3.0,0.0,0.0
TRIM51,3.0,3.0,3.0,0.0,0.0
CYP4F12,3.0,3.0,3.0,0.0,0.0
RP11-334C17.6,3.0,3.0,3.0,0.0,0.0
IGLV2-8,3.0,3.0,3.0,0.0,0.0
IGHV4-31,3.0,3.0,3.0,0.0,0.0
IGHV3-49,3.0,3.0,3.0,0.0,0.0
IGKV2-30,3.0,3.0,3.0,0.0,0.0
KB-1562D12.1,3.0,3.0,3.0,0.0,0.0
UGT1A6,3.0,3.0,3.0,0.0,0.0
AC005152.3,3.0,3.0,3.0,0.0,0.0
SCGB2A1,3.0,3.0,3.0,0.0,0.0
OVOL2,3.0,3.0,3.0,0.0,0.0
CD164L2,3.0,3.0,3.0,0.0,0.0
CST6,3.0,3.0,3.0,0.0,0.0
RP11-677O4.6,3.0,3.0,3.0,0.0,0.0
RAB25,3.0,3.0,3.0,0.0,0.0
RP11-386B13.4,3.0,3.0,3.0,0.0,0.0
ZNF750,3.0,3.0,3.0,0.0,0.0
AC006262.5,3.0,3.0,3.0,0.0,0.0
AC093249.1,3.0,3.0,3.0,0.0,0.0
PLA2G3,3.0,3.0,3.0,0.0,0.0
CTD-2545G14.4,3.0,3.0,3.0,0.0,0.0
RP5-890E16.4,3.0,3.0,3.0,0.0,0.0
RP11-680F20.6,3.0,3.0,3.0,0.0,0.0
MT1XP1,3.0,3.0,3.0,0.0,0.0
RNU1-106P,3.0,3.0,3.0,0.0,0.0
CKS1BP3,3.0,3.0,3.0,0.0,0.0
TP53TG1_1,3.0,3.0,3.0,0.0,0.0
RP11-98L5.5,3.0,3.0,3.0,0.0,0.0
CLPS,3.0,3.0,3.0,0.0,0.0
CTA-276O3.4,3.0,3.0,3.0,0.0,0.0
LIPK,3.0,3.0,3.0,0.0,0.0
IGKV3-20,3.0,3.0,3.0,0.0,0.0
AC010168.1,3.0,3.0,3.0,0.0,0.0
AC005943.2,3.0,3.0,3.0,0.0,0.0
RP1-34M23.5,3.0,3.0,3.0,0.0,0.0
CTD-3141N22.1,3.0,3.0,3.0,0.0,0.0
CYP4F22,3.0,3.0,3.0,0.0,0.0
RPL39P34,3.0,3.0,3.0,0.0,0.0
FADS6,3.0,3.0,3.0,0.0,0.0
IGKV2-24,3.0,3.0,3.0,0.0,0.0
TTC28-AS1_2,3.0,3.0,3.0,0.0,0.0
ARMCX7P,3.0,3.0,3.0,0.0,0.0
CTD-2224J9.4,3.0,3.0,3.0,0.0,0.0
MSMB,3.0,3.0,3.0,0.0,0.0
SNORD97,3.0,3.0,3.0,0.0,0.0
RP4-800G7.1,3.0,3.0,3.0,0.0,0.0
PLA2G4E,3.0,3.0,3.0,0.0,0.0
PGLYRP3,3.0,3.0,3.0,0.0,0.0
BPIFC,3.0,3.0,3.0,0.0,0.0
CARD18,3.0,3.0,3.0,0.0,0.0
AP003391.1,3.0,3.0,3.0,0.0,0.0
IGKV3-15,3.0,3.0,3.0,0.0,0.0
KLK8,3.0,3.0,3.0,0.0,0.0
IL37,3.0,3.0,3.0,0.0,0.0
PLA2G4F,3.0,3.0,3.0,0.0,0.0
KLK5,3.0,3.0,3.0,0.0,0.0
BANCR,3.0,3.0,3.0,0.0,0.0
KRT14,3.0,3.0,3.0,0.0,0.0
WFDC5,3.0,3.0,3.0,0.0,0.0
IGLV3-19,3.0,3.0,3.0,0.0,0.0
RP5-940J5.9,3.0,3.0,3.0,0.0,0.0
IGLV3-25,3.0,3.0,3.0,0.0,0.0
FOXN1,3.0,3.0,3.0,0.0,0.0
IGLV3-1,3.0,3.0,3.0,0.0,0.0
RNU4-2,3.0,3.0,3.0,0.0,0.0
RP4-765C7.2,3.0,3.0,3.0,0.0,0.0
IGKV2-28,3.0,3.0,3.0,0.0,0.0
IGHV1-69-2,3.0,3.0,3.0,0.0,0.0
AP002518.1,3.0,3.0,3.0,0.0,0.0
U91328.1,3.0,3.0,3.0,0.0,0.0
SNORD22,3.0,3.0,3.0,0.0,0.0
AADACL2,3.0,3.0,3.0,0.0,0.0
LHFPL3-AS1,3.0,3.0,3.0,0.0,0.0
TMSB4XP8,3.0,3.0,3.0,0.0,0.0
AC055736.2,3.0,3.0,3.0,0.0,0.0
MT4,3.0,3.0,3.0,0.0,0.0
PSAPL1,3.0,3.0,3.0,0.0,0.0
FAM25A,3.0,3.0,3.0,0.0,0.0
MUCL1,3.0,3.0,3.0,0.0,0.0
FAM25G,3.0,3.0,3.0,0.0,0.0
AC066694.1,3.0,3.0,3.0,0.0,0.0
RP11-40C6.2,3.0,3.0,3.0,0.0,0.0
AC021066.1,3.0,3.0,3.0,0.0,0.0
LY6D,3.0,3.0,3.0,0.0,0.0
AL442127.1,3.0,3.0,3.0,0.0,0.0
RNA5SP216,3.0,3.0,3.0,0.0,0.0
RP11-116G8.5,3.0,3.0,3.0,0.0,0.0
HS3ST6,3.0,3.0,3.0,0.0,0.0
PIP,3.0,3.0,3.0,0.0,0.0
FAM25C,3.0,3.0,3.0,0.0,0.0
FAM25BP,3.0,3.0,3.0,0.0,0.0
SPRR1B,3.0,3.0,3.0,0.0,0.0
MIR205HG,3.0,3.0,3.0,0.0,0.0
CHP2,3.0,3.0,3.0,0.0,0.0
NEAT1_1,3.0,3.0,3.0,0.0,0.0
SPRR4,3.0,3.0,3.0,0.0,0.0
HOTAIRM1_1,3.0,3.0,3.0,0.0,0.0
IGHV3-21,3.0,3.0,3.0,0.0,0.0
LYPD2,3.0,3.0,3.0,0.0,0.0
UNC93A,3.0,3.0,3.0,0.0,0.0
CTD-2012J19.2,3.0,3.0,3.0,0.0,0.0
IGLV3-10,3.0,3.0,3.0,0.0,0.0
TRIM29,3.0,3.0,3.0,0.0,0.0
SDR9C7,3.0,3.0,3.0,0.0,0.0
TYR,3.0,3.0,3.0,0.0,0.0
IGHV3-33,3.0,3.0,3.0,0.0,0.0
IGKV1-9,3.0,3.0,3.0,0.0,0.0
C2orf54,3.0,3.0,3.0,0.0,0.0
IL36RN,3.0,3.0,3.0,0.0,0.0
IGLV2-23,3.0,3.0,3.0,0.0,0.0
IGHV2-5,3.0,3.0,3.0,0.0,0.0
CWH43,3.0,3.0,3.0,0.0,0.0
U47924.27,3.0,3.0,3.0,0.0,0.0
IGKV1D-39,3.0,3.0,3.0,0.0,0.0
IGKV1-16,3.0,3.0,3.0,0.0,0.0
MT2P1,3.0,3.0,3.0,0.0,0.0
CBLC,3.0,3.0,3.0,0.0,0.0
IGLV2-11,3.0,3.0,3.0,0.0,0.0
IGLV3-21,3.0,3.0,3.0,0.0,0.0
DEFB1,3.0,3.0,3.0,0.0,0.0
IGHV1-2,3.0,3.0,3.0,0.0,0.0
IL1F10,3.0,3.0,3.0,0.0,0.0
RP4-738P15.6,3.0,3.0,3.0,0.0,0.0
PYDC1,3.0,3.0,3.0,0.0,0.0
AC005786.7,3.0,3.0,3.0,0.0,0.0
IGHV4-59,3.0,3.0,3.0,0.0,0.0
IGLV1-40,3.0,3.0,3.0,0.0,0.0
IGHGP,3.0,3.0,3.0,0.0,0.0
CSAG1,3.0,3.0,3.0,0.0,0.0
LINC00302,3.0,3.0,3.0,0.0,0.0
IGHV1-18,3.0,3.0,3.0,0.0,0.0
IGHV5-51,3.0,3.0,3.0,0.0,0.0
IGHV3-23,3.0,3.0,3.0,0.0,0.0
IGHV4-39,3.0,3.0,3.0,0.0,0.0
IGLV1-47,3.0,3.0,3.0,0.0,0.0
IGHV3-30,3.0,3.0,3.0,0.0,0.0
SNORD10,3.0,3.0,3.0,0.0,0.0
CLEC2A,3.0,3.0,3.0,0.0,0.0
GGT6,3.0,3.0,3.0,0.0,0.0
IGKV1-8,3.0,3.0,3.0,0.0,0.0
SNORD94,3.0,3.0,3.0,0.0,0.0
CTD-2619J13.13,3.0,3.0,3.0,0.0,0.0
FAM83C,3.0,3.0,3.0,0.0,0.0
RP4-737E23.2,3.0,3.0,3.0,0.0,0.0
RNVU1-7,3.0,3.0,3.0,0.0,0.0
HOTAIRM1_5,3.0,3.0,3.0,0.0,0.0
IGKV1-17,3.0,3.0,3.0,0.0,0.0
IGFL3,3.0,3.0,3.0,0.0,0.0
C10orf99,3.0,3.0,3.0,0.0,0.0
KRTDAP,3.0,3.0,3.0,0.0,0.0
RP11-24N18.1,3.0,3.0,3.0,0.0,0.0
RP11-478C6.4,3.0,3.0,3.0,0.0,0.0
POU2F3,3.0,3.0,3.0,0.0,0.0
CTC-246B18.10,3.0,3.0,3.0,0.0,0.0
OBP2B,3.0,3.0,3.0,0.0,0.0
HMGCS2,3.0,3.0,3.0,0.0,0.0
HMGB3P8,3.0,3.0,3.0,0.0,0.0
HOTAIRM1_2,3.0,3.0,3.0,0.0,0.0
RP3-508I15.20,3.0,3.0,3.0,0.0,0.0
SLURP1,3.0,3.0,3.0,0.0,0.0
CTD-2396E7.11,3.0,3.0,3.0,0.0,0.0
SNRPGP4,3.0,3.0,3.0,0.0,0.0
HNRNPA1P33,3.0,3.0,3.0,0.0,0.0
AC239868.1,3.0,3.0,3.0,0.0,0.0
RP11-350J20.12,3.0,3.0,3.0,0.0,0.0
OVOL1-AS1,3.0,3.0,3.0,0.0,0.0
CST1,3.0,3.0,3.0,0.0,0.0
RP11-563H6.1,3.0,3.0,3.0,0.0,0.0
CYP4B1,3.0,3.0,3.0,0.0,0.0
SLC39A2,3.0,3.0,3.0,0.0,0.0
VIPR1-AS1,3.0,3.0,3.0,0.0,0.0
RP11-946P6.4,3.0,3.0,3.0,0.0,0.0
NPPA-AS1_1,3.0,3.0,3.0,0.0,0.0
OVOL1,3.0,3.0,3.0,0.0,0.0
DSCR8,3.0,3.0,3.0,0.0,0.0
RP11-162P23.2,3.0,3.0,3.0,0.0,0.0
ALOXE3,3.0,3.0,3.0,0.0,0.0
RN7SKP116,3.0,3.0,3.0,0.0,0.0
CTD-2514K5.4,3.0,3.0,3.0,0.0,0.0
RP11-641A6.3,3.0,3.0,3.0,0.0,0.0
REG1A,3.0,3.0,3.0,0.0,0.0
OR7E28P,3.0,3.0,3.0,0.0,0.0
RP11-56G10.2,3.0,3.0,3.0,0.0,0.0
RP11-498C9.3,3.0,3.0,3.0,0.0,0.0
CTB-191K22.5,3.0,3.0,3.0,0.0,0.0
SCNN1G,3.0,3.0,3.0,0.0,0.0
KRTAP11-1,3.0,3.0,3.0,0.0,0.0
ELF5,3.0,3.0,3.0,0.0,0.0
IGLV7-46,3.0,3.0,3.0,0.0,0.0
RP11-789C17.5,3.0,3.0,3.0,0.0,0.0
RP11-145E17.2,3.0,3.0,3.0,0.0,0.0
SERPINB13,3.0,3.0,3.0,0.0,0.0
CAPNS2,3.0,3.0,3.0,0.0,0.0
IGHV2-26,3.0,3.0,3.0,0.0,0.0
OVCH2,3.0,3.0,3.0,0.0,0.0
IGFL2,3.0,3.0,3.0,0.0,0.0
AL162151.3,3.0,3.0,3.0,0.0,0.0
SNORA71,3.0,3.0,3.0,0.0,0.0
AC092580.4,3.0,3.0,3.0,0.0,0.0
RP11-649E7.5,3.0,3.0,3.0,0.0,0.0
C1orf210,3.0,3.0,3.0,0.0,0.0
TRBV12-4,3.0,3.0,3.0,0.0,0.0
GJB5,3.0,3.0,3.0,0.0,0.0
SLC13A2,3.0,3.0,3.0,0.0,0.0
BEST2,3.0,3.0,3.0,0.0,0.0
MALAT1,3.0,3.0,3.0,0.0,0.0
RP3-406A7.7,3.0,3.0,3.0,0.0,0.0
AC110615.1,3.0,3.0,3.0,0.0,0.0
CH507-42P11.7,3.0,3.0,3.0,0.0,0.0
RP11-256P1.1,3.0,3.0,3.0,0.0,0.0
AL009031.1,3.0,3.0,3.0,0.0,0.0
IGHG3,3.0,3.0,3.0,0.0,0.0
C19orf33,3.0,3.0,3.0,0.0,0.0
PAEP,3.0,3.0,3.0,0.0,0.0
TXLNGY,3.0,3.0,3.0,0.0,0.0
IGKV1D-13,3.0,3.0,3.0,0.0,0.0
RP11-347E10.1,3.0,3.0,3.0,0.0,0.0
MUC15,3.0,3.0,3.0,0.0,0.0
RP11-60A8.1,3.0,3.0,3.0,0.0,0.0
RP11-173P15.5,3.0,3.0,3.0,0.0,0.0
JPX_1,3.0,3.0,3.0,0.0,0.0
RP11-459D22.1,3.0,3.0,3.0,0.0,0.0
RPS4Y1,3.0,3.0,3.0,0.0,0.0
AC004791.2,3.0,3.0,3.0,0.0,0.0
RNF222,3.0,3.0,3.0,0.0,0.0
RP11-630A13.4,3.0,3.0,3.0,0.0,0.0
ADGRF2,3.0,3.0,3.0,0.0,0.0
RP11-316M1.12,3.0,3.0,3.0,0.0,0.0
RP11-343H5.4,3.0,3.0,3.0,0.0,0.0
IGHV3-53,3.0,3.0,3.0,0.0,0.0
LY6G6D,3.0,3.0,3.0,0.0,0.0
GPR12,3.0,3.0,3.0,0.0,0.0
PVT1_1,3.0,3.0,3.0,0.0,0.0
CDHR1,3.0,3.0,3.0,0.0,0.0
AC055736.1,3.0,3.0,3.0,0.0,0.0
SEPT14P2,3.0,3.0,3.0,0.0,0.0
RP11-297D21.2,3.0,3.0,3.0,0.0,0.0
IGLL5,3.0,3.0,3.0,0.0,0.0
BRD9P2,3.0,3.0,3.0,0.0,0.0
SNORA76C,3.0,3.0,3.0,0.0,0.0
RP11-569G9.7,3.0,3.0,3.0,0.0,0.0
RNF225,3.0,3.0,3.0,0.0,0.0
RP11-242D8.3,3.0,3.0,3.0,0.0,0.0
RP11-848P1.7,3.0,3.0,3.0,0.0,0.0
ALDH3B2,3.0,3.0,3.0,0.0,0.0
RP11-135L13.4,3.0,3.0,3.0,0.0,0.0
SLC5A1,3.0,3.0,3.0,0.0,0.0
MTATP8P1,3.0,3.0,3.0,0.0,0.0
LINC00520,3.0,3.0,3.0,0.0,0.0
TMEM213,3.0,3.0,3.0,0.0,0.0
VTRNA2-1,3.0,3.0,3.0,0.0,0.0
RP11-635N19.3,3.0,3.0,3.0,0.0,0.0
A2ML1,3.0,3.0,3.0,0.0,0.0
ATP5G1P6,3.0,3.0,3.0,0.0,0.0
RP11-796A5.3,3.0,3.0,3.0,0.0,0.0
AL662801.1,3.0,3.0,3.0,0.0,0.0
KRTAP3-3,3.0,3.0,3.0,0.0,0.0
RP11-193F5.4,3.0,3.0,3.0,0.0,0.0
RNASEH2CP1,3.0,3.0,3.0,0.0,0.0
RP11-746M1.1,3.0,3.0,3.0,0.0,0.0
TMSB4XP6,3.0,3.0,3.0,0.0,0.0
CELA3A,3.0,3.0000000037983354,3.000000001768599,3.798335423965682e-09,1.3056888903406616e-10
IGLV7-43,3.0,3.0,3.0,0.0,0.0
TUG1_1,3.0,3.0,3.0,0.0,0.0
KRTAP19-1,3.0,3.0,3.0,0.0,0.0
MAGEA2,3.0,3.0,3.0,0.0,0.0
SNORA12,3.0,3.0,3.0,0.0,0.0
RP11-386M24.8,3.0,3.0,3.0,0.0,0.0
CH17-335B8.4,3.0,3.0,3.0,0.0,0.0
IGHV3-43,3.0,3.0,3.0,0.0,0.0
AC006262.4,3.0,3.0,3.0,0.0,0.0
IGKV3-11,3.0,3.0,3.0,0.0,0.0
RP11-485M7.3,3.0,3.0,3.0,0.0,0.0
IGHV6-1,3.0,3.0,3.0,0.0,0.0
ARAP1-AS1,3.0,3.0,3.0,0.0,0.0
AP003041.1,3.0,3.0,3.0,0.0,0.0
CH17-360D5.3,3.0,3.0,3.0,0.0,0.0
AC079781.7,3.0,3.0,3.0,0.0,0.0
AC005255.3,3.0,3.0,3.0,0.0,0.0
PSORS1C2,3.0,3.0,3.0,0.0,0.0
IGLV8-61,3.0,3.0,3.0,0.0,0.0
RP11-632K20.8,3.0,3.0,3.0,0.0,0.0
RP11-372M18.2,3.0,3.0,3.0,0.0,0.0
IGHV1-46,3.0,3.0,3.0,0.0,0.0
CSAG2,3.0,3.0,3.0,0.0,0.0
IL20RB-AS1,3.0,3.0,3.0,0.0,0.0
IGHV4-4,3.0,3.0,3.0,0.0,0.0
SLC24A5,3.0,3.0,3.0,0.0,0.0
KRTAP3-1,3.0,3.0,3.0,0.0,0.0
SNORD15B,3.0,3.0,3.0,0.0,0.0
IGHG4,3.0,3.0,3.0,0.0,0.0
PAGE5,3.0,3.0,3.0,0.0,0.0
RP11-96C23.12,3.0,3.0,3.0,0.0,0.0
RP11-10G12.1,3.0,3.0,3.0,0.0,0.0
TTTY14,3.0,3.0,3.0,0.0,0.0
CTAG2,3.0,3.0,3.0,0.0,0.0
LIPM,3.0,3.0,3.0,0.0,0.0
IGHV3-73,3.0,3.0,3.0,0.0,0.0
RP11-667K14.4,3.0,3.0,3.0,0.0,0.0
CTC-327F10.4,3.0,3.0,3.0,0.0,0.0
SNORA73A,3.0,3.0,3.0,0.0,0.0
RP11-480I12.2,3.0,3.0,3.0,0.0,0.0
IRX4,3.0,3.0,3.0,0.0,0.0
CH17-224D4.2,3.0,3.0,3.0,0.0,0.0
CTB-79E8.3,3.0,3.0,3.0,0.0,0.0
HMGN1P37,3.0,3.0,3.0,0.0,0.0
IGLC7,3.0,3.0,3.0,0.0,0.0
KCNJ18,3.0,3.0,3.0,0.0,0.0
AC092636.2,3.0,3.0,3.0,0.0,0.0
ARHGAP40,3.0,3.0,3.0,0.0,0.0
RP11-488I20.7,3.0,3.0,3.0,0.0,0.0
RLBP1,3.0,3.0,3.0,0.0,0.0
IGHV3-7,3.0,3.0,3.0,0.0,0.0
IL36B,3.0,3.0,3.0,0.0,0.0
TMEM40,3.0,3.0,3.0,0.0,0.0
SNORA7A,3.0,3.0,3.0,0.0,0.0
SNORA52,3.0,3.0,3.0,0.0,0.0
EVPLL,3.0,3.0,3.0,0.0,0.0
ADH1B,3.0,3.0,3.0,0.0,0.0
AL157871.2,3.0,3.0,3.0,0.0,0.0
MAGEC2,3.0,3.0,3.0,0.0,0.0
CTB-31O20.3,3.0,3.0,3.0,0.0,0.0
RP11-411K7.1,3.0,3.0,3.0,0.0,0.0
IGHV3-48,3.0,3.0,3.0,0.0,0.0
SLC1A6,3.0,3.0,3.0,0.0,0.0
RP11-294J22.6,3.0,3.0,3.0,0.0,0.0
PIK3C2G,3.0,3.0,3.0,0.0,0.0
RP11-152H18.3,3.0,3.0,3.0,0.0,0.0
MAGEA2B,3.0,3.0,3.0,0.0,0.0
RP11-599J14.2,3.0,3.0,3.0,0.0,0.0
SCGB2A2,3.0,3.0,3.0,0.0,0.0
RP11-318C24.1,3.0,3.0,3.0,0.0,0.0
OR7E62P,3.0,3.0,3.0,0.0,0.0
RNU2-2P,3.0,3.0,3.0,0.0,0.0
RP11-465B22.8,3.0,3.0,3.0,0.0,0.0
AC008074.4,3.0,3.0,3.0,0.0,0.0
C5orf46,3.0,3.0,3.0,0.0,0.0
COX7CP1,3.0,3.0,3.0,0.0,0.0
CALML3-AS1,3.0,3.0,3.0,0.0,0.0
ARG1,2.999999998292575,3.0000000048360866,2.999999998187768,6.543511510415101e-09,3.3765630291782145e-09
GP1BB,2.9999999980597445,3.0000000057200085,2.9999999970243962,7.660263978692683e-09,4.865480462967753e-09
CELA2A,2.9999999979918357,2.999999994642327,2.9999999912153337,-3.349508670424939e-09,5.101747468927442e-09
IGKV1-33,2.999999997594083,2.999999993548562,3.0000000108203646,-4.045521251327955e-09,-1.524904202909738e-08
PLA2G4D,2.9999999959642687,3.0000000075761264,2.999999994530404,1.161185769760209e-08,7.239793209379286e-09
MMP1,2.9999999957450805,3.0000000062356698,3.0000000068506156,1.0490589286149543e-08,-5.860240737121103e-09
LGALS7B,2.999999995537413,3.0000000055431606,3.000000004125528,1.000574778586838e-08,-3.5852409929759688e-09
KRT5,2.999999995032946,3.000000002297205,2.9999999967980977,7.264258972128346e-09,1.866978127651464e-09
KRTAP4-7,2.999999994809817,3.0000000089281427,2.999999999207479,1.4118325619705274e-08,2.6615007975294702e-09
SPRR2E,2.9999999947571987,3.0000000042242734,3.0000000089417864,9.467074679747611e-09,-9.451050164699382e-09
LCE1C,2.9999999945480638,2.9999999761469267,3.0000000013502848,-1.8401137058532413e-08,-1.6002789759994585e-08
KRT72,2.9999999944429305,2.9999999941474873,2.999999996254111,-2.954432254398398e-10,-1.958902373644378e-09
LCE1E,2.999999994424923,3.0000000046813837,3.000000009965396,1.0256460569735282e-08,-1.0412242623658585e-08
SOSTDC1,2.9999999943914495,2.999999994363273,2.9999999998359,-2.8176572186566773e-11,-5.458538954172809e-09
CXCL9,2.9999999943373035,3.000000002960737,3.0000000002553513,8.623433522814139e-09,-1.606331068160216e-09
LCE6A,2.9999999941590265,2.9999999722871635,2.999999990762549,-2.1871862987410395e-08,-7.539454394134282e-09
CYP4F8,2.999999993791183,2.9999999953616485,2.9999999968358604,1.5704655353943053e-09,-2.259444631391716e-09
KRT79,2.9999999937663424,3.0000000031900016,2.9999999978424525,9.42365918632504e-09,6.357194770600927e-10
EIF1AY,2.9999999934243533,2.9999999853589188,2.999999997287932,-8.065434542459116e-09,-7.896296061460362e-09
KRTAP9-2,2.999999992553967,3.0000000026570444,3.0000000078007396,1.0103077485723588e-08,-1.0195233990373254e-08
LCE4A,2.9999999920673357,3.0000000007259073,3.0000000064509935,8.658571637454315e-09,-1.0054372001633283e-08
LIPF,2.999999991598694,2.999999996602984,3.0000000000252443,5.004289871379797e-09,-5.924405410695499e-09
LCE1A,2.9999999906854615,3.000000006146802,2.999999992839891,1.5461340652223043e-08,5.5762408024406795e-09
LCE1D,2.9999999906808186,2.999999999889791,3.000000000906259,9.208972251428804e-09,-5.620954368623643e-09
CXCL10,2.999999990572409,3.0000000082704843,2.9999999977232257,1.7698075449601447e-08,1.6982211192839713e-09
IGKV2D-28,2.9999999904169576,3.000000002365355,3.000000000003307,1.1948397382610665e-08,-3.612151022736043e-09
SSX1,2.99999999027447,3.0000000002355156,2.9999999977300216,9.961045766004872e-09,-2.4750286264918486e-09
REG1B,2.9999999900658927,2.9999999953961023,2.9999999963370065,5.330209607024017e-09,-3.606008824874607e-09
EVPL,2.9999999895548064,2.9999999866949585,3.000000000060133,-2.8598479140384825e-09,-1.1935250565642264e-08
SPRR2A,2.999999988532861,2.9999999974108036,3.0000000010159713,8.87794238124684e-09,-8.044138688489966e-09
LMO1,2.9999999881632298,3.000000004643773,3.00000000581794,1.648054315239733e-08,-9.414438562060923e-09
LIPN,2.999999988125637,2.999999997266808,2.9999999927572354,9.141170931314946e-09,-6.10125283628804e-11
SCGB1D2,2.9999999877121204,3.0000000114039937,2.999999991370113,2.3691873352049697e-08,8.187944100512823e-09
VSIG8,2.9999999875823655,2.9999999884029798,3.0000000006840604,8.206142432243269e-10,-1.269138794057767e-08
CXCL14,2.9999999875026333,3.000000006965606,2.9999999935596593,1.9462972566941517e-08,3.6744602915916857e-09
IGHV3-11,2.999999986946174,3.000000000279964,3.0000000050517093,1.3333790072067586e-08,-1.1438640257210864e-08
KRT33B,2.9999999862799775,3.0000000115028254,3.0000000066876833,2.5222847810368876e-08,-7.79628184233161e-09
GJB4,2.9999999860301614,2.9999999997397775,3.0000000044026156,1.3709616109025546e-08,-1.1517645948089239e-08
UGT1A7,2.9999999860289486,2.9999999998265183,3.000000000807932,1.379756975339319e-08,-7.880198271692507e-09
DDX3Y,2.9999999857197204,3.000000002054388,3.000000001403869,1.6334667840567363e-08,-7.516814726216126e-09
LCE1F,2.9999999854481607,3.0000000050906257,2.9999999976357374,1.9642464987867925e-08,-2.3663444537191936e-09
MLANA,2.999999985098839,2.9999999856548074,2.999999994012308,5.559686044875889e-10,-8.63548477170184e-09
SERPINA12,2.9999999841675162,2.9999999911798274,3.000000001704859,7.0123111761688506e-09,-1.4031187323126915e-08
PRSS2,2.9999999834302193,2.999999992907796,2.999999996996887,9.477576501382146e-09,-8.827879316442022e-09
TGM3,2.9999999831146575,2.999999991569729,3.000000006285853,8.455071309754203e-09,-1.894365997401337e-08
KRTAP1-5,2.999999982867545,2.9999999840096745,3.0000000025782683,1.142129502085254e-09,-1.9139658746780697e-08
PLA2G2F,2.999999982615312,3.000000002337437,3.0000000013435866,1.972212482215241e-08,-8.867211853669232e-09
KLK7,2.9999999826031853,3.0000000068981785,2.9999999981523002,2.4294993128393116e-08,-3.401618542397955e-09
XAGE1A,2.999999982469793,2.9999999961791772,2.999999994947118,1.3709384294458005e-08,-5.622632581747666e-09
DSG3,2.9999999813735485,3.0000000078203706,3.000000001180509,2.6446822065651077e-08,-6.583549705396763e-09
KRT16,2.9999999806882442,2.9999999931429984,3.000000000509803,1.2454754116930644e-08,-1.359418178026317e-08
ALOX12B,2.999999980131785,3.0000000046452,2.9999999962439223,2.451341485354419e-08,-3.855430197319265e-09
PGLYRP4,2.999999980131785,2.999999999184807,3.000000004049882,1.9053022271009468e-08,-1.4391586145023894e-08
PRSS1,2.999999978914275,3.000000004578882,3.0000000048477196,2.5664607328224065e-08,-1.3101141060900545e-08
CSAG3,2.999999978503041,3.0000000017049357,2.9999999910267516,2.3201894627788988e-08,-9.227631991848284e-10
PRSS3,2.999999977648258,2.9999999853618355,3.000000001181432,7.713577332424393e-09,-1.9676384965805482e-08
GJB6,2.999999977570648,2.99999999705766,2.9999999913680075,1.948701200404912e-08,-4.0538536971723715e-09
LOR,2.999999977140083,2.999999989483943,3.00000000463393,1.2343860156249775e-08,-2.1321917120786793e-08
CTRB1,2.9999999769497663,3.000000004725123,3.000000003407688,2.7775356681303265e-08,-1.2570243068665832e-08
IGHV3-15,2.999999976456157,3.0000000057413136,3.0000000162689546,2.9285156522007583e-08,-2.5170219242198755e-08
CRCT1,2.9999999747163506,3.000000009969796,2.999999998102176,3.5253445496152835e-08,-5.75910252820222e-09
DSG1,2.9999999733020863,2.9999999969770563,2.9999999939753867,2.3674969984455174e-08,-8.835815190622043e-09
SERPINB5,2.999999971261635,3.0000000037635157,3.000000004567991,3.2501880742330513e-08,-1.7055415302280608e-08
KRT6B,2.999999969959257,3.0000000078122167,3.0000000003434537,3.7852959433593014e-08,-1.1457716997398393e-08
S100A7,2.9999999697320163,3.0000000066590213,3.0000000029825413,3.69270050093462e-08,-1.4787022273310413e-08
SERPINB3,2.9999999679876055,2.9999999999172537,2.999999995937481,3.1929648258710586e-08,-1.198505117372406e-08
GAGE1,2.999999966621241,3.0000000066356893,3.0000000002865894,4.001444819934363e-08,-1.3658124409232641e-08
TPSB2,2.9999999660855488,2.999999999203782,3.000000001330809,3.3118233044859835e-08,-1.8686143743451566e-08
IGKV2D-40,2.999999965694618,3.000000009798301,3.0000000096034825,4.410368292795397e-08,-2.1857022858284836e-08
CERS3,2.9999999652306237,2.999999992510329,2.999999990275412,2.727970516147593e-08,-1.1404936106629293e-08
KRT31,2.999999964045012,2.9999999924842924,3.0000000063070535,2.8439280264080935e-08,-2.8042401289951613e-08
KRT85,2.9999999631826597,2.9999999981841765,2.9999999883972013,3.5001516796029364e-08,-7.713783389817763e-09
LCE1B,2.999999962881198,2.9999999726755755,2.999999998120423,9.794377309191304e-09,-3.034203599483476e-08
ANXA8,2.9999999586004074,2.9999999924941987,3.0000000079554554,3.3893791329120404e-08,-3.240815216187798e-08
ACER1,2.999999957935264,2.999999997774413,3.000000000631144,3.983914931282584e-08,-2.277630528624286e-08
FLG2,2.999999956103428,3.000000019973027,3.0000000062166046,6.386959894300048e-08,-1.8178377469979523e-08
LCE3E,2.999999955626216,3.0000000034441707,3.0000000051013873,4.781795492903029e-08,-2.5566194050696822e-08
KRT71,2.9999999544700375,3.0000000011201218,2.999999996117522,4.665008423998529e-08,-1.8322442674190142e-08
IGKV2D-29,2.9999999532490356,2.9999999871940792,3.0000000127958906,3.39450436648292e-08,-4.257433339205363e-08
KRT27,2.9999999529331376,3.0000000082538785,3.0000000023590943,5.5320740877107255e-08,-2.1765586222244337e-08
PLA2G2D,2.9999999459832907,3.0000000189343243,3.0000000080925484,7.295103365834166e-08,-2.5633740907693436e-08
KPRP,2.999999938048859,3.0000000013573094,3.0000000029006797,6.33084504819692e-08,-3.319759578346293e-08
